idx,engine,grad_step,flow_sigma,regularizer,inverse_steps,dice_fwd,dice_inv,dice_sym,fold_fwd,fold_inv,inv_err,bnd_fwd,bnd_inv,jac_min_fwd,jac_min_inv
0,syntx,0.05,3.0,gaussian,5,0.585143585683063,0.5360008911018175,0.5605722383924403,0.0,0.0,0.01485056646616178,0.006263063754886389,0.004402026068419218,0.08440270274877548,0.06657792627811432
1,syntx,0.05,3.0,gaussian,20,0.585143585683063,0.5360008911018175,0.5605722383924403,0.0,0.0,0.014850567963957026,0.006263062823563814,0.004402026068419218,0.0844033733010292,0.06657819449901581
2,syntx,0.05,3.0,dsti,5,0.5789421836307773,0.528740238877654,0.5538412112542157,0.0003104997026965347,0.0,0.017305716485333553,0.0014131121570244431,0.0009467132622376084,0.0,0.029953833669424057
3,syntx,0.05,3.0,dsti,20,0.5789421836307773,0.528740238877654,0.5538412112542157,0.0003104997026965347,0.0,0.017305704502971593,0.0014131105272099376,0.0009467125055380166,0.0,0.029956618323922157
4,syntx,0.05,4.0,gaussian,5,0.5796156266544765,0.5339519739584747,0.5567838003064756,0.0,0.0,0.013861010592407949,0.019943827763199806,0.013266545720398426,0.09119296073913574,0.07655873149633408
5,syntx,0.05,4.0,gaussian,20,0.5796156266544765,0.5339519739584747,0.5567838003064756,0.0,0.0,0.013861010592407949,0.01994381472468376,0.013266537338495255,0.09119289368391037,0.0765552818775177
6,syntx,0.05,4.0,dsti,5,0.5846400657058946,0.5329126176766656,0.5587763416912801,0.0,0.0,0.0168260640337423,0.00255418149754405,0.0017210814403370023,0.044438306242227554,0.05159032717347145
7,syntx,0.05,4.0,dsti,20,0.5846892394744742,0.5329037076218096,0.5587964735481419,0.0,0.0,0.01682361513851607,0.002551758661866188,0.0017189347418025136,0.04445478692650795,0.05167822167277336
8,syntx,0.1,3.0,gaussian,5,0.5920126780929272,0.5353025411226114,0.5636576096077693,0.02709109906027265,0.02103635485769022,0.0242123214628067,0.011023884639143944,0.006995390169322491,0.0,0.0
9,syntx,0.1,3.0,gaussian,20,0.5920099753228752,0.5353016485138654,0.5636558119183703,0.02685822428325025,0.017931357830724876,0.024186903877492283,0.011023887433111668,0.006995391566306353,0.0,0.0
10,syntx,0.1,3.0,dsti,5,0.5898655316587962,0.5302698228083366,0.5600676772335664,0.019328606492859283,0.02033773052662302,0.026865719660659457,0.003348743077367544,0.0020138765685260296,0.0,0.0
11,syntx,0.1,3.0,dsti,20,0.5898661102872929,0.5302746804234381,0.5600703953553654,0.019328606492859283,0.019949605898252353,0.02684286030962418,0.003348743775859475,0.0020138765685260296,0.0,0.0
12,syntx,0.1,4.0,gaussian,5,0.5881271245472887,0.5380553569864606,0.5630912407668747,0.0048127453917962875,0.014438236175388862,0.020743211991947813,0.022380037233233452,0.013476681895554066,0.0,0.0
13,syntx,0.1,4.0,gaussian,20,0.5881280238678696,0.5380524007489951,0.5630902123084323,0.0056666195742117575,0.012342363182187252,0.020739855432802875,0.0223800390958786,0.013476680964231491,0.0,0.0
14,syntx,0.1,4.0,dsti,5,0.5924509750402208,0.5326780509350117,0.5625645129876162,0.019483856344207552,0.020182480675274752,0.027082813099118044,0.005843397695571184,0.003566351253539324,0.0,0.0
15,syntx,0.1,4.0,dsti,20,0.5924406133965545,0.5326786186779233,0.5625596160372389,0.019483856344207552,0.02010485574960062,0.02712880439992326,0.005843426566570997,0.003566368483006954,0.0,0.0
16,syntx,0.15,3.0,gaussian,5,0.5939905479632808,0.5374447463032624,0.5657176471332717,0.1055698989168218,0.09252891140356732,0.030869020801380306,0.01242590881884098,0.00789664126932621,0.0,0.0
17,syntx,0.15,3.0,gaussian,20,0.593975466939075,0.5374320897596002,0.5657037783493376,0.10673427280193379,0.10106765322772204,0.03108073116372693,0.012425929307937622,0.007896650582551956,0.0,0.0
18,syntx,0.15,3.0,dsti,5,0.5933030083302436,0.532999419507052,0.5631512139186479,0.030351345938586263,0.02941984683049666,0.029963274060582763,0.004360446706414223,0.0024744560942053795,0.0,0.0
19,syntx,0.15,3.0,dsti,20,0.5933007024126725,0.5329700280231662,0.5631353652179194,0.030273721012912133,0.029807971458867325,0.029975588933090432,0.004363690502941608,0.0024761848617345095,0.0,0.0
20,syntx,0.15,4.0,gaussian,5,0.5869928445402692,0.5336237974247139,0.5603083209824915,0.12031863479490719,0.08104042240379555,0.02894594157400301,0.026854339987039566,0.014858413487672806,0.0,0.0
21,syntx,0.15,4.0,gaussian,20,0.586989586326287,0.5336244258632238,0.5603070060947554,0.11930951076114345,0.08267054584295236,0.028967812380176323,0.026854125782847404,0.014858382754027843,0.0,0.0
22,syntx,0.15,4.0,dsti,5,0.5966921694755049,0.5371150266529021,0.5669035980642034,0.03578509073577562,0.026159599952183046,0.02949130679639565,0.006551853846758604,0.003839581273496151,0.0,0.0
23,syntx,0.15,4.0,dsti,20,0.5966900708591981,0.5371325336773451,0.5669113022682717,0.03632846521549456,0.02584910024948651,0.029445273557323563,0.006551902741193771,0.003839617595076561,0.0,0.0
24,syntx,0.2,3.0,gaussian,5,0.5924559408117924,0.5417501924756987,0.5671030666437455,0.07739205089711126,0.040364961350549504,0.02911857146280669,0.011510830372571945,0.008008738979697227,0.0,0.0
25,syntx,0.2,3.0,gaussian,20,0.5945733680414282,0.5381223772014946,0.5663478726214615,0.1143415155179989,0.12062913449760373,0.03329485297641865,0.013411338441073895,0.008440349251031876,0.0,0.0
26,syntx,0.2,3.0,dsti,5,0.5946029378847967,0.5339268764791719,0.5642649071819843,0.04083071090459431,0.03795858865465136,0.03197454946319012,0.004790149629116058,0.0026397565379738808,0.0,0.0
27,syntx,0.2,3.0,dsti,20,0.5946319569094977,0.5339204430106729,0.5642761999600853,0.04106358568161671,0.038657212985718566,0.031980795269363434,0.004789288621395826,0.002639875980094075,0.0,0.0
28,syntx,0.2,4.0,gaussian,5,0.5881164601131708,0.5351051882489901,0.5616108241810804,0.1095287701262026,0.09835078082912735,0.030519806844325092,0.027344143018126488,0.015086844563484192,0.0,0.0
29,syntx,0.2,4.0,gaussian,20,0.5881036710366123,0.5350759414888338,0.561589806262723,0.10665664787625966,0.09664303246429642,0.03051397442963951,0.0273441132158041,0.015086802653968334,0.0,0.0
30,syntx,0.2,4.0,dsti,5,0.5977520865930159,0.537458086460713,0.5676050865268645,0.03640609014116869,0.03578509073577562,0.0316033658454754,0.007165160495787859,0.004120200872421265,0.0,0.0
31,syntx,0.2,4.0,dsti,20,0.5977505979674457,0.5374522000540216,0.5676013990107336,0.03648371506684282,0.035940340587123885,0.031629451447469266,0.007165136281400919,0.004120188299566507,0.0,0.0
32,syntx,0.25,3.0,gaussian,5,0.5929650771495476,0.5369949348390799,0.5649800059943137,0.12784825258529814,0.13266099797709444,0.03537034784796772,0.014792797155678272,0.009149518795311451,0.0,0.0
33,syntx,0.25,3.0,gaussian,20,0.5929656010180204,0.5369867518647142,0.5649761764413673,0.12846925199069123,0.12940075109878083,0.0353764438746165,0.014792808331549168,0.009149523451924324,0.0,0.0
34,syntx,0.25,3.0,dsti,5,0.5749143864946322,0.5086958335044848,0.5418051099995584,0.039511087168134035,0.0717254313228995,0.028771753978144115,0.0018935160478577018,0.001467681722715497,0.0,0.0
35,syntx,0.25,3.0,dsti,20,0.5943604325635172,0.5329689345613534,0.5636646835624353,0.05402694826919703,0.0544150728975677,0.034491333756710055,0.005300362128764391,0.0028647349681705236,0.0,0.0
36,syntx,0.25,4.0,gaussian,5,0.5873487827146698,0.533824652790057,0.5605867177523634,0.10704477250463033,0.11674788821389703,0.03247398629217785,0.02811991423368454,0.015621199272572994,0.0,0.0
37,syntx,0.25,4.0,gaussian,20,0.5873597414433772,0.5338168907969204,0.5605883161201488,0.11488488999771783,0.1173688876192901,0.03252724189992325,0.02811991050839424,0.015621192753314972,0.0,0.0
38,syntx,0.25,4.0,dsti,5,0.5980693877798542,0.5369271894149282,0.5674982885973912,0.045565831370716466,0.05410457319487117,0.033918049630943185,0.0077568343840539455,0.004419761709868908,0.0,0.0
39,syntx,0.25,4.0,dsti,20,0.5980707461709425,0.5369270928288493,0.5674989194998958,0.0456434562963906,0.05425982304621943,0.03393104150690177,0.007756820879876614,0.004419757518917322,0.0,0.0
40,syntx,0.3,3.0,gaussian,5,0.5908221183098026,0.5351306845503513,0.5629764014300769,0.1408892400985526,0.16145984540219802,0.037979150690183976,0.015954554080963135,0.009729820303618908,0.0,0.0
41,syntx,0.3,3.0,gaussian,20,0.5908243753150676,0.5351165368531985,0.5629704560841331,0.1412773647269233,0.16262421928731002,0.037996033838190106,0.015954602509737015,0.009729842655360699,0.0,0.0
42,syntx,0.3,3.0,dsti,5,0.5967212083296735,0.534971077874431,0.5658461431020523,0.06427343845818267,0.06241044024200347,0.035516433809432445,0.004976905416697264,0.0027301034424453974,0.0,0.0
43,syntx,0.3,3.0,dsti,20,0.5967192037262142,0.5349765608417084,0.5658478822839613,0.06427343845818267,0.061944690687958666,0.035500593126917106,0.004976879805326462,0.0027300913352519274,0.0,0.0
44,syntx,0.3,4.0,gaussian,5,0.5847693746211219,0.5323287246376605,0.5585490496293912,0.12606287929479307,0.1316518739433307,0.033758441574003,0.02969752810895443,0.016264768317341805,0.0,0.0
45,syntx,0.3,4.0,gaussian,20,0.5847559912405058,0.5323313571182466,0.5585436741793762,0.12117250897732265,0.1307203748352411,0.03373896424463184,0.02969757467508316,0.016264790669083595,0.0,0.0
46,syntx,0.3,4.0,dsti,5,0.5977404606992023,0.5357492706118651,0.5667448656555336,0.06854280937026003,0.07941029896463873,0.03674267877684042,0.008367947302758694,0.0047368635423481464,0.0,0.0
47,syntx,0.3,4.0,dsti,20,0.5977453387270911,0.5357274370356392,0.5667363878813652,0.06908618384997897,0.08049704792407661,0.036783260041219255,0.008368117734789848,0.0047369059175252914,0.0,0.0
48,syntx,0.35,3.0,gaussian,5,0.5881920739897696,0.5328097270358159,0.5605009005127928,0.16766983945612873,0.17946882815859705,0.040368463621549,0.01696714758872986,0.010222111828625202,0.0,0.0
49,syntx,0.35,3.0,gaussian,20,0.58819658725906,0.532816549468682,0.560506568363871,0.16790271423315112,0.19235456582050323,0.040537205233895625,0.01696775294840336,0.010222394950687885,0.0,0.0
50,syntx,0.35,3.0,dsti,5,0.5965330309484335,0.5343196875472711,0.5654263592478523,0.0857755428699177,0.08973441407929852,0.03767180610141864,0.005133965518325567,0.002815897110849619,0.0,0.0
51,syntx,0.35,3.0,dsti,20,0.5965336198815784,0.5343619058497662,0.5654477628656722,0.07987604851868355,0.08468879391047983,0.03749467683569778,0.0051401215605437756,0.0028174135368317366,0.0,0.0
52,syntx,0.35,4.0,gaussian,5,0.5838424102943496,0.5305543385587449,0.5571983744265472,0.1507476056591676,0.1710853361857906,0.03613290536330514,0.03089332953095436,0.017060838639736176,0.0,0.0
53,syntx,0.35,4.0,gaussian,20,0.5838358678908503,0.5306227256919231,0.5572292967913868,0.14407186205119207,0.1672040899020839,0.036084847105061275,0.03085988201200962,0.017040768638253212,0.0,0.0
54,syntx,0.35,4.0,dsti,5,0.5977401728210812,0.5353806362960869,0.566560404558584,0.08655179212665903,0.1118575178964266,0.03904395729486189,0.008606646209955215,0.004880042746663094,0.0,0.0
55,syntx,0.35,4.0,dsti,20,0.5977312295751095,0.535382318175629,0.5665567738753692,0.08608604257261424,0.10463839980873219,0.03890432083972385,0.008607028052210808,0.004880236927419901,0.0,0.0
56,ants,0.05,3.0,None,0,0.4027006837100305,0.38363045535292234,0.3931655695314764,0.0,0.0,0.0,0.0010130052687600255,0.0009861704893410206,0.5974022746086121,0.4462961256504059
57,ants,0.1,3.0,None,0,0.43654124930179206,0.41972613643276735,0.4281336928672797,0.0,0.0,0.0,0.0029298460576683283,0.0027716802433133125,0.43567609786987305,0.283321350812912
58,ants,0.15,3.0,None,0,0.460758248735845,0.44255740509604113,0.45165782691594303,0.0,0.0,0.0,0.005661738105118275,0.005326512269675732,0.3515133261680603,0.236070454120636
59,ants,0.2,3.0,None,0,0.4766030888928305,0.4577215439762522,0.4671623164345413,0.0,0.0,0.0,0.008352180942893028,0.007746877148747444,0.31441789865493774,0.19854168593883514
60,ants,0.25,3.0,None,0,0.4816252308538089,0.46163241728469473,0.47162882406925183,0.0,0.0,0.0,0.009631835855543613,0.008898776024580002,0.292889803647995,0.18687283992767334
61,ants,0.3,3.0,None,0,0.484004962483531,0.46518678886256204,0.4745958756730465,0.0,0.0,0.0,0.010261413641273975,0.009533773176372051,0.24888752400875092,0.17855355143547058
62,ants,0.35,3.0,None,0,0.4897085104237744,0.46957783021663374,0.4796431703202041,0.0,0.0,0.0,0.011366245336830616,0.010652130469679832,0.2289365828037262,0.1723446100950241
63,ants,0.4,3.0,None,0,0.4920255347091724,0.47267438986682736,0.48234996228799987,0.0,0.0,0.0,0.01179772149771452,0.011284168809652328,0.21883103251457214,0.17700056731700897
