config_id,config_name,dimension,pair_idx,pair_type,pair_label,status,dice_sym,folding_pct,min_j,runtime_s,ants_dice,diff_vs_ants,denoised
model_tvf,TVF (Time-Varying Field + DSTI-1),Model Architecture,0,intra,Pair 00 (intra),SUCCESS,0.6416905570281424,0.0013637628216434615,,221.7904918193817,0.6328999789585317,0.8790578069610699,False
model_sobolev,Sobolev SyN (Eulerian FFT),Model Architecture,0,intra,Pair 00 (intra),SUCCESS,0.6421075671213062,0.007727989322646282,,58.87876486778259,0.6328999789585317,0.920758816277456,False
model_gaussian,Gaussian SyN (Eulerian),Model Architecture,0,intra,Pair 00 (intra),SUCCESS,0.6345545345391075,0.010091844880161615,,57.68881797790527,0.6328999789585317,0.16545555805758116,False
model_greedy_regadam,Greedy RegAdam,Model Architecture,0,intra,Pair 00 (intra),SUCCESS,0.609220542373441,0.0,,12.674680948257446,0.6328999789585317,-2.367943658509064,False
model_greedy_adam,Greedy Adam,Model Architecture,0,intra,Pair 00 (intra),SUCCESS,0.609917001058118,0.0,,11.39814305305481,0.6328999789585317,-2.2982977900413704,False
metric_box_lncc,SyN + BoxLNCC (Squared CC),Similarity Metric,0,intra,Pair 00 (intra),SUCCESS,0.6383973066179773,0.012364782916234052,,57.825973987579346,0.6328999789585317,0.5497327659445661,False
metric_cc2,SyN + CC2 (Pseudo-Gradient Squared LNCC),Similarity Metric,0,intra,Pair 00 (intra),SUCCESS,0.6345280718063107,0.008091659408417872,,57.84831619262695,0.6328999789585317,0.16280928477789836,False
metric_lncc_linear,SyN + LNCC (Linear Unsquared),Similarity Metric,0,intra,Pair 00 (intra),SUCCESS,0.6301217334774047,0.011091937616033486,,57.997957706451416,0.6328999789585317,-0.27782454811269286,False
metric_mattes_mi,SyN + Mattes Mutual Information,Similarity Metric,0,intra,Pair 00 (intra),SUCCESS,0.6243523120428541,0.0011819277787576666,,63.305450677871704,0.6328999789585317,-0.8547666915677543,False
reg_gaussian_sig3,SyN + Gaussian (sigma=3.0),Regularization,0,intra,Pair 00 (intra),SUCCESS,0.6345401193903865,0.00890991710140395,,57.66261005401611,0.6328999789585317,0.16401404318547863,False
reg_gaussian_sig2,SyN + Gaussian (sigma=2.0),Regularization,0,intra,Pair 00 (intra),SUCCESS,0.6311832778487725,0.012182947873348256,,57.1570827960968,0.6328999789585317,-0.1716701109759189,False
reg_sobolev_a15,SyN + Sobolev FFT (alpha=1.5),Regularization,0,intra,Pair 00 (intra),SUCCESS,0.642109630091487,0.004091288464930384,,59.61875605583191,0.6328999789585317,0.9209651132955354,False
reg_dsti1,SyN + DSTI-1 DCT,Regularization,0,intra,Pair 00 (intra),SUCCESS,0.6426503451457973,0.3920363524617737,,101.71744084358215,0.6328999789585317,0.9750366187265658,False
opt_cfl_015,SyN + CFL Step 0.15 (Conservative),Optimizer & Step,0,intra,Pair 00 (intra),SUCCESS,0.6294445209830339,0.0034548658148301024,,57.58168601989746,0.6328999789585317,-0.3455457975497733,False
opt_cfl_025,SyN + CFL Step 0.25 (Standard),Optimizer & Step,0,intra,Pair 00 (intra),SUCCESS,0.6345307948269723,0.008182576929860769,,57.720123052597046,0.6328999789585317,0.1630815868440605,False
opt_cfl_035,SyN + CFL Step 0.35 (Aggressive),Optimizer & Step,0,intra,Pair 00 (intra),SUCCESS,0.6382697741267382,0.020638277367537716,,58.851465702056885,0.6328999789585317,0.536979516820657,False
opt_regadam,SyN + RegAdam Quotient Optimizer,Optimizer & Step,0,intra,Pair 00 (intra),SUCCESS,0.6456174146540937,0.9544521401075373,,101.37783479690552,0.6328999789585317,1.2717435695562052,False
denoise_sobolev,Sobolev SyN + Denoised,Preprocessing (Denoise),0,intra,Pair 00 (intra),SUCCESS,0.6548377617460837,0.022755801497118144,,59.49589800834656,0.6328999789585317,2.1937782787551985,True
denoise_tvf,TVF + Denoised,Preprocessing (Denoise),0,intra,Pair 00 (intra),SUCCESS,0.6459589692851015,0.0004929054475910068,,234.60810780525208,0.6328999789585317,1.3058990326569875,True
denoise_gaussian,Gaussian SyN + Denoised,Preprocessing (Denoise),0,intra,Pair 00 (intra),SUCCESS,0.6565338266948403,0.008790147148706288,,59.018245697021484,0.6328999789585317,2.363384773630861,True
denoise_greedy_regadam,Greedy RegAdam + Denoised,Preprocessing (Denoise),0,intra,Pair 00 (intra),SUCCESS,0.6052691817821348,0.003039583593477875,,13.497873067855835,0.6328999789585317,-2.7630797176396826,True
model_tvf,TVF (Time-Varying Field + DSTI-1),Model Architecture,10,intra,Pair 10 (intra),SUCCESS,0.6289721385186381,0.0012146769414839505,,280.022812128067,0.6165275315450189,1.2444606973619154,False
model_sobolev,Sobolev SyN (Eulerian FFT),Model Architecture,10,intra,Pair 10 (intra),SUCCESS,0.6239835730329149,0.0022269077260539095,,55.65293502807617,0.6165275315450189,0.7456041487895915,False
model_gaussian,Gaussian SyN (Eulerian),Model Architecture,10,intra,Pair 10 (intra),SUCCESS,0.6174289288185153,0.010122307845699587,,60.0819628238678,0.6165275315450189,0.09013972734963627,False
model_greedy_regadam,Greedy RegAdam,Model Architecture,10,intra,Pair 10 (intra),SUCCESS,0.5982844776588234,0.0,,14.966635942459106,0.6165275315450189,-1.8243053886195515,False
model_greedy_adam,Greedy Adam,Model Architecture,10,intra,Pair 10 (intra),SUCCESS,0.6018146161621504,0.0,,13.209760904312134,0.6165275315450189,-1.4712915382868563,False
metric_box_lncc,SyN + BoxLNCC (Squared CC),Similarity Metric,10,intra,Pair 10 (intra),SUCCESS,0.6149289409568784,0.019637277220657202,,60.43813395500183,0.6165275315450189,-0.15985905881404916,False
metric_cc2,SyN + CC2 (Pseudo-Gradient Squared LNCC),Similarity Metric,10,intra,Pair 10 (intra),SUCCESS,0.6173976446929722,0.009919861688785597,,60.22452688217163,0.6165275315450189,0.08701131479532664,False
metric_lncc_linear,SyN + LNCC (Linear Unsquared),Similarity Metric,10,intra,Pair 10 (intra),SUCCESS,0.6145306046251899,0.015183461768549381,,59.33975601196289,0.6165275315450189,-0.19969269198290007,False
metric_mattes_mi,SyN + Mattes Mutual Information,Similarity Metric,10,intra,Pair 10 (intra),SUCCESS,0.6050647793768315,0.024091092672765022,,59.60579705238342,0.6165275315450189,-1.1462752168187484,False
reg_gaussian_sig3,SyN + Gaussian (sigma=3.0),Regularization,10,intra,Pair 10 (intra),SUCCESS,0.6174010678762973,0.010021084767242592,,59.97883200645447,0.6165275315450189,0.08735363312784017,False
reg_gaussian_sig2,SyN + Gaussian (sigma=2.0),Regularization,10,intra,Pair 10 (intra),SUCCESS,0.61396872982586,0.013057777120952468,,59.661628007888794,0.6165275315450189,-0.25588017191588985,False
reg_sobolev_a15,SyN + Sobolev FFT (alpha=1.5),Regularization,10,intra,Pair 10 (intra),SUCCESS,0.6240154402538503,0.0022269077260539095,,55.08839273452759,0.6165275315450189,0.7487908708831315,False
reg_dsti1,SyN + DSTI-1 DCT,Regularization,10,intra,Pair 10 (intra),SUCCESS,0.6266122966987964,0.48809768431963413,,122.03000783920288,0.6165275315450189,1.008476515377743,False
opt_cfl_015,SyN + CFL Step 0.15 (Conservative),Optimizer & Step,10,intra,Pair 10 (intra),SUCCESS,0.6127258835500865,0.0023281308045109052,,48.67732906341553,0.6165275315450189,-0.38016479949324333,False
opt_cfl_025,SyN + CFL Step 0.25 (Standard),Optimizer & Step,10,intra,Pair 10 (intra),SUCCESS,0.6173987745473228,0.010122307845699587,,60.86999487876892,0.6165275315450189,0.08712430023039008,False
opt_cfl_035,SyN + CFL Step 0.35 (Aggressive),Optimizer & Step,10,intra,Pair 10 (intra),SUCCESS,0.6179558810123267,0.01153943094409753,,61.906336069107056,0.6165275315450189,0.14283494673077435,False
opt_regadam,SyN + RegAdam Quotient Optimizer,Optimizer & Step,10,intra,Pair 10 (intra),SUCCESS,0.6243365931824763,0.43475312197279725,,121.40448212623596,0.6165275315450189,0.7809061637457315,False
denoise_sobolev,Sobolev SyN + Denoised,Preprocessing (Denoise),10,intra,Pair 10 (intra),SUCCESS,0.6368836672659308,0.012513686844986703,,60.40864658355713,0.6165275315450189,2.0356135720911883,True
denoise_tvf,TVF + Denoised,Preprocessing (Denoise),10,intra,Pair 10 (intra),SUCCESS,0.6257076948649036,0.00026815043239257225,,299.6286289691925,0.6165275315450189,0.9180163319884693,True
denoise_gaussian,Gaussian SyN + Denoised,Preprocessing (Denoise),10,intra,Pair 10 (intra),SUCCESS,0.6325072310306028,0.02136265111394159,,60.70917987823486,0.6165275315450189,1.5979699485583865,True
denoise_greedy_regadam,Greedy RegAdam + Denoised,Preprocessing (Denoise),10,intra,Pair 10 (intra),SUCCESS,0.6031384795311227,0.0,,15.75217580795288,0.6165275315450189,-1.3389052013896285,True
model_tvf,TVF (Time-Varying Field + DSTI-1),Model Architecture,22,intra,Pair 22 (intra),SUCCESS,0.6492411953459424,0.0002446115141085806,,311.94753670692444,0.6321172022340256,1.7123993111916813,False
model_sobolev,Sobolev SyN (Eulerian FFT),Model Architecture,22,intra,Pair 22 (intra),SUCCESS,0.6491752093181316,0.0009784460564343225,,51.116753816604614,0.6321172022340256,1.7058007084105986,False
model_gaussian,Gaussian SyN (Eulerian),Model Architecture,22,intra,Pair 22 (intra),SUCCESS,0.6468004155403047,0.006849122395040257,,51.37765383720398,0.6321172022340256,1.4683213306279086,False
model_greedy_regadam,Greedy RegAdam,Model Architecture,22,intra,Pair 22 (intra),SUCCESS,0.6139972836522507,0.0,,13.592306137084961,0.6321172022340256,-1.8119918581774863,False
model_greedy_adam,Greedy Adam,Model Architecture,22,intra,Pair 22 (intra),SUCCESS,0.6113480262727502,0.0,,11.882763147354126,0.6321172022340256,-2.0769175961275366,False
metric_box_lncc,SyN + BoxLNCC (Squared CC),Similarity Metric,22,intra,Pair 22 (intra),SUCCESS,0.6440896543841499,0.002323809384031516,,54.32398200035095,0.6321172022340256,1.1972452150124324,False
metric_cc2,SyN + CC2 (Pseudo-Gradient Squared LNCC),Similarity Metric,22,intra,Pair 22 (intra),SUCCESS,0.6467979990652925,0.006849122395040257,,53.0756778717041,0.6321172022340256,1.4680796831266885,False
metric_lncc_linear,SyN + LNCC (Linear Unsquared),Similarity Metric,22,intra,Pair 22 (intra),SUCCESS,0.6485735845036651,0.004892230282171612,,54.49898099899292,0.6321172022340256,1.6456382269639525,False
metric_mattes_mi,SyN + Mattes Mutual Information,Similarity Metric,22,intra,Pair 22 (intra),SUCCESS,0.6366627892478897,0.001956892112868645,,49.430251121520996,0.6321172022340256,0.4545587013864094,False
reg_gaussian_sig3,SyN + Gaussian (sigma=3.0),Regularization,22,intra,Pair 22 (intra),SUCCESS,0.6470256662670899,0.0070937339091488374,,52.39579677581787,0.6321172022340256,1.490846403306434,False
reg_gaussian_sig2,SyN + Gaussian (sigma=2.0),Regularization,22,intra,Pair 22 (intra),SUCCESS,0.6465582253865814,0.022871176569152288,,55.69182586669922,0.6321172022340256,1.4441023152555799,False
reg_sobolev_a15,SyN + Sobolev FFT (alpha=1.5),Regularization,22,intra,Pair 22 (intra),SUCCESS,0.6491162639259447,0.0011007518134886127,,50.77003216743469,0.6321172022340256,1.6999061691919115,False
reg_dsti1,SyN + DSTI-1 DCT,Regularization,22,intra,Pair 22 (intra),SUCCESS,0.6560062354305349,0.24864760409137215,,119.64133191108704,0.6321172022340256,2.388903319650937,False
opt_cfl_015,SyN + CFL Step 0.15 (Conservative),Optimizer & Step,22,intra,Pair 22 (intra),SUCCESS,0.6424729663421882,0.003057643926357258,,51.47455883026123,0.6321172022340256,1.0355764108162635,False
opt_cfl_025,SyN + CFL Step 0.25 (Standard),Optimizer & Step,22,intra,Pair 22 (intra),SUCCESS,0.6468939213221576,0.006604510880931677,,52.201565980911255,0.6321172022340256,1.477671908813205,False
opt_cfl_035,SyN + CFL Step 0.35 (Aggressive),Optimizer & Step,22,intra,Pair 22 (intra),SUCCESS,0.6478689253642322,0.009906766321397514,,53.07799315452576,0.6321172022340256,1.5751723130206674,False
opt_regadam,SyN + RegAdam Quotient Optimizer,Optimizer & Step,22,intra,Pair 22 (intra),SUCCESS,0.65858719225705,0.24974835590486083,,120.11001586914062,0.6321172022340256,2.6469990023024415,False
denoise_sobolev,Sobolev SyN + Denoised,Preprocessing (Denoise),22,intra,Pair 22 (intra),SUCCESS,0.6526374792776357,0.00042587442666655313,,43.72991609573364,0.6321172022340256,2.0520277043610147,True
denoise_tvf,TVF + Denoised,Preprocessing (Denoise),22,intra,Pair 22 (intra),SUCCESS,0.6491637003389592,0.00010646860666663828,,294.886922121048,0.6321172022340256,1.7046498104933638,True
denoise_gaussian,Gaussian SyN + Denoised,Preprocessing (Denoise),22,intra,Pair 22 (intra),SUCCESS,0.6535896842982319,0.002342309346666042,,53.05397582054138,0.6321172022340256,2.1472482064206377,True
denoise_greedy_regadam,Greedy RegAdam + Denoised,Preprocessing (Denoise),22,intra,Pair 22 (intra),SUCCESS,0.6149654957415861,0.0,,14.936779975891113,0.6321172022340256,-1.7151706492439467,True
model_tvf,TVF (Time-Varying Field + DSTI-1),Model Architecture,26,intra,Pair 26 (intra),SUCCESS,0.6639176298180185,0.0018991738593711735,,348.1157822608948,0.6592981225796088,0.4619507238409648,False
model_sobolev,Sobolev SyN (Eulerian FFT),Model Architecture,26,intra,Pair 26 (intra),SUCCESS,0.6636531513998671,0.019991303782854457,,60.37742209434509,0.6592981225796088,0.4355028820258289,False
model_gaussian,Gaussian SyN (Eulerian),Model Architecture,26,intra,Pair 26 (intra),SUCCESS,0.6560258988648542,0.05927421571616347,,60.58319020271301,0.6592981225796088,-0.3272223714754663,False
model_greedy_regadam,Greedy RegAdam,Model Architecture,26,intra,Pair 26 (intra),SUCCESS,0.6406544284517729,0.0,,14.933135986328125,0.6592981225796088,-1.8643694127835952,False
model_greedy_adam,Greedy Adam,Model Architecture,26,intra,Pair 26 (intra),SUCCESS,0.6430390140231448,0.0,,13.212937116622925,0.6592981225796088,-1.6259108556464064,False
metric_box_lncc,SyN + BoxLNCC (Squared CC),Similarity Metric,26,intra,Pair 26 (intra),SUCCESS,0.6582929175995721,0.026188607955539338,,59.53319311141968,0.6592981225796088,-0.10052049800367557,False
metric_cc2,SyN + CC2 (Pseudo-Gradient Squared LNCC),Similarity Metric,26,intra,Pair 26 (intra),SUCCESS,0.6560931106712291,0.06127334609444891,,60.49802803993225,0.6592981225796088,-0.320501190837974,False
metric_lncc_linear,SyN + LNCC (Linear Unsquared),Similarity Metric,26,intra,Pair 26 (intra),SUCCESS,0.655578311718298,0.014393738723655212,,57.72309136390686,0.6592981225796088,-0.37198108613109016,False
metric_mattes_mi,SyN + Mattes Mutual Information,Similarity Metric,26,intra,Pair 26 (intra),SUCCESS,0.6516220021609227,0.0008996086702284507,,51.17695903778076,0.6592981225796088,-0.767612041868615,False
reg_gaussian_sig3,SyN + Gaussian (sigma=3.0),Regularization,26,intra,Pair 26 (intra),SUCCESS,0.6560951650149364,0.05927421571616347,,60.54796600341797,0.6592981225796088,-0.32029575646724817,False
reg_gaussian_sig2,SyN + Gaussian (sigma=2.0),Regularization,26,intra,Pair 26 (intra),SUCCESS,0.6534763890956665,0.058774433121592105,,60.047903299331665,0.6592981225796088,-0.5821733483942326,False
reg_sobolev_a15,SyN + Sobolev FFT (alpha=1.5),Regularization,26,intra,Pair 26 (intra),SUCCESS,0.66362335383165,0.02099086897199718,,60.21495604515076,0.6592981225796088,0.4325231252041206,False
reg_dsti1,SyN + DSTI-1 DCT,Regularization,26,intra,Pair 26 (intra),SUCCESS,0.6669073469870067,0.1114515185894136,,122.12193632125854,0.6592981225796088,0.7609224407397863,False
opt_cfl_015,SyN + CFL Step 0.15 (Conservative),Optimizer & Step,26,intra,Pair 26 (intra),SUCCESS,0.6529932432337049,0.03218599909039568,,56.20663094520569,0.6592981225796088,-0.6304879345903958,False
opt_cfl_025,SyN + CFL Step 0.25 (Standard),Optimizer & Step,26,intra,Pair 26 (intra),SUCCESS,0.6561343266606494,0.05677530274330666,,61.099796295166016,0.6592981225796088,-0.31637959189594334,False
opt_cfl_035,SyN + CFL Step 0.35 (Aggressive),Optimizer & Step,26,intra,Pair 26 (intra),SUCCESS,0.6570114291270119,0.06077356349987755,,62.87438416481018,0.6592981225796088,-0.22866934525969107,False
opt_regadam,SyN + RegAdam Quotient Optimizer,Optimizer & Step,26,intra,Pair 26 (intra),SUCCESS,0.6664739273749889,0.46309855212982354,,120.96381902694702,0.6592981225796088,0.7175804795380047,False
denoise_sobolev,Sobolev SyN + Denoised,Preprocessing (Denoise),26,intra,Pair 26 (intra),SUCCESS,0.6707497048402145,0.003819735076461132,,51.57792115211487,0.6592981225796088,1.1451582260605608,True
denoise_tvf,TVF + Denoised,Preprocessing (Denoise),26,intra,Pair 26 (intra),SUCCESS,0.680101701239,0.00033215087621401147,,353.34941697120667,0.6592981225796088,2.0803578659391198,True
denoise_gaussian,Gaussian SyN + Denoised,Preprocessing (Denoise),26,intra,Pair 26 (intra),SUCCESS,0.6675287869652653,0.006809092962387235,,53.362112045288086,0.6592981225796088,0.823066438565645,True
denoise_greedy_regadam,Greedy RegAdam + Denoised,Preprocessing (Denoise),26,intra,Pair 26 (intra),SUCCESS,0.6563932212442075,0.0,,15.578441143035889,0.6592981225796088,-0.2904901335401333,True
model_tvf,TVF (Time-Varying Field + DSTI-1),Model Architecture,39,intra,Pair 39 (intra),SUCCESS,0.5899802190043696,0.0031978903763178997,,264.11318922042847,0.5824281551703548,0.7552063834014744,False
model_sobolev,Sobolev SyN (Eulerian FFT),Model Architecture,39,intra,Pair 39 (intra),SUCCESS,0.5843726252569281,0.0002459915674090692,,44.37182688713074,0.5824281551703548,0.194447008657328,False
model_gaussian,Gaussian SyN (Eulerian),Model Architecture,39,intra,Pair 39 (intra),SUCCESS,0.5827005535744658,0.005411814482999522,,43.38040900230408,0.5824281551703548,0.027239840411097394,False
model_greedy_regadam,Greedy RegAdam,Model Architecture,39,intra,Pair 39 (intra),SUCCESS,0.5526598062530204,0.000614978918522673,,13.265395641326904,0.5824281551703548,-2.9768348917334486,False
model_greedy_adam,Greedy Adam,Model Architecture,39,intra,Pair 39 (intra),SUCCESS,0.5617555625443387,0.0,,11.842241048812866,0.5824281551703548,-2.0672592626016173,False
metric_box_lncc,SyN + BoxLNCC (Squared CC),Similarity Metric,39,intra,Pair 39 (intra),SUCCESS,0.5824520036288081,0.00934767956154463,,50.09297204017639,0.5824281551703548,0.002384845845326833,False
metric_cc2,SyN + CC2 (Pseudo-Gradient Squared LNCC),Similarity Metric,39,intra,Pair 39 (intra),SUCCESS,0.5827158285277624,0.005657806050408592,,43.22631287574768,0.5824281551703548,0.02876733574075363,False
metric_lncc_linear,SyN + LNCC (Linear Unsquared),Similarity Metric,39,intra,Pair 39 (intra),SUCCESS,0.5848020099670217,0.006887763887453938,,45.81076979637146,0.5824281551703548,0.23738547966668522,False
metric_mattes_mi,SyN + Mattes Mutual Information,Similarity Metric,39,intra,Pair 39 (intra),SUCCESS,0.5626951947890488,0.000614978918522673,,49.8175368309021,0.5824281551703548,-1.9732960381306008,False
reg_gaussian_sig3,SyN + Gaussian (sigma=3.0),Regularization,39,intra,Pair 39 (intra),SUCCESS,0.582693971618782,0.005411814482999522,,43.05431890487671,0.5824281551703548,0.026581644842715857,False
reg_gaussian_sig2,SyN + Gaussian (sigma=2.0),Regularization,39,intra,Pair 39 (intra),SUCCESS,0.5825394415727527,0.007871730157090214,,46.42038679122925,0.5824281551703548,0.011128640239788101,False
reg_sobolev_a15,SyN + Sobolev FFT (alpha=1.5),Regularization,39,intra,Pair 39 (intra),SUCCESS,0.5844259882376159,0.0002459915674090692,,43.968518018722534,0.5824281551703548,0.199783306726109,False
reg_dsti1,SyN + DSTI-1 DCT,Regularization,39,intra,Pair 39 (intra),SUCCESS,0.584353706729973,0.35988566311946824,,110.86704087257385,0.5824281551703548,0.1925551559618155,False
opt_cfl_015,SyN + CFL Step 0.15 (Conservative),Optimizer & Step,39,intra,Pair 39 (intra),SUCCESS,0.5825537867474875,0.003074894592613365,,45.21469807624817,0.5824281551703548,0.01256315771326344,False
opt_cfl_025,SyN + CFL Step 0.25 (Standard),Optimizer & Step,39,intra,Pair 39 (intra),SUCCESS,0.5827463782446567,0.005411814482999522,,43.4392831325531,0.5824281551703548,0.03182230743018488,False
opt_cfl_035,SyN + CFL Step 0.35 (Aggressive),Optimizer & Step,39,intra,Pair 39 (intra),SUCCESS,0.5831090398302918,0.004919831348181384,,44.7506422996521,0.5824281551703548,0.06808846599369867,False
opt_regadam,SyN + RegAdam Quotient Optimizer,Optimizer & Step,39,intra,Pair 39 (intra),SUCCESS,0.577484340538377,0.22582025888152557,,110.85421895980835,0.5824281551703548,-0.4943814631977794,False
denoise_sobolev,Sobolev SyN + Denoised,Preprocessing (Denoise),39,intra,Pair 39 (intra),SUCCESS,0.5852324870142089,0.003200222470637959,,43.53559899330139,0.5824281551703548,0.2804331843854091,True
denoise_tvf,TVF + Denoised,Preprocessing (Denoise),39,intra,Pair 39 (intra),SUCCESS,0.5910701361869082,0.004303747460513117,,277.12742376327515,0.5824281551703548,0.8641981016553335,True
denoise_gaussian,Gaussian SyN + Denoised,Preprocessing (Denoise),39,intra,Pair 39 (intra),SUCCESS,0.5850266279692606,0.005959034945325854,,47.36565589904785,0.5824281551703548,0.2598472798905793,True
denoise_greedy_regadam,Greedy RegAdam + Denoised,Preprocessing (Denoise),39,intra,Pair 39 (intra),SUCCESS,0.5478772479495727,0.0,,13.789517879486084,0.5824281551703548,-3.4550907220782134,True
model_tvf,TVF (Time-Varying Field + DSTI-1),Model Architecture,40,inter,Pair 40 (inter),SUCCESS,0.6241275572043032,0.004158689181170095,,300.775381565094,0.5810315774686858,4.309597973561741,False
model_sobolev,Sobolev SyN (Eulerian FFT),Model Architecture,40,inter,Pair 40 (inter),SUCCESS,0.6240892161184497,0.009916874201251766,,56.742374897003174,0.5810315774686858,4.305763864976386,False
model_gaussian,Gaussian SyN (Eulerian),Model Architecture,40,inter,Pair 40 (inter),SUCCESS,0.6177587307085028,0.03135011844266687,,59.32937288284302,0.5810315774686858,3.672715323981701,False
model_greedy_regadam,Greedy RegAdam,Model Architecture,40,inter,Pair 40 (inter),SUCCESS,0.6016405592759108,0.0,,15.633066892623901,0.5810315774686858,2.0608981807224924,False
model_greedy_adam,Greedy Adam,Model Architecture,40,inter,Pair 40 (inter),SUCCESS,0.599075951312486,0.0001599495838911575,,13.881468772888184,0.5810315774686858,1.8044373843800199,False
metric_box_lncc,SyN + BoxLNCC (Squared CC),Similarity Metric,40,inter,Pair 40 (inter),SUCCESS,0.6180771231614003,0.031030219274884557,,61.67896366119385,0.5810315774686858,3.7045545692714454,False
metric_cc2,SyN + CC2 (Pseudo-Gradient Squared LNCC),Similarity Metric,40,inter,Pair 40 (inter),SUCCESS,0.6183102115315513,0.03774810179831317,,59.022897720336914,0.5810315774686858,3.7278634062865468,False
metric_lncc_linear,SyN + LNCC (Linear Unsquared),Similarity Metric,40,inter,Pair 40 (inter),SUCCESS,0.6142117663819814,0.05694205186525207,,61.02890992164612,0.5810315774686858,3.318018891329555,False
metric_mattes_mi,SyN + Mattes Mutual Information,Similarity Metric,40,inter,Pair 40 (inter),SUCCESS,0.6051411322769912,0.03270968990574171,,61.515925884246826,0.5810315774686858,2.4109554808305345,False
reg_gaussian_sig3,SyN + Gaussian (sigma=3.0),Regularization,40,inter,Pair 40 (inter),SUCCESS,0.6173463769302049,0.027911202389006986,,58.637122631073,0.5810315774686858,3.6314799461519054,False
reg_gaussian_sig2,SyN + Gaussian (sigma=2.0),Regularization,40,inter,Pair 40 (inter),SUCCESS,0.6126622036152642,0.05198361476462619,,59.47030973434448,0.5810315774686858,3.163062614657841,False
reg_sobolev_a15,SyN + Sobolev FFT (alpha=1.5),Regularization,40,inter,Pair 40 (inter),SUCCESS,0.6240271459007956,0.009676949825415029,,56.25561285018921,0.5810315774686858,4.299556843210972,False
reg_dsti1,SyN + DSTI-1 DCT,Regularization,40,inter,Pair 40 (inter),SUCCESS,0.6331630376317028,0.21361266928664085,,123.85312294960022,0.5810315774686858,5.213146016301695,False
opt_cfl_015,SyN + CFL Step 0.15 (Conservative),Optimizer & Step,40,inter,Pair 40 (inter),SUCCESS,0.6124083780390626,0.007837529610666718,,55.72706699371338,0.5810315774686858,3.137680057037673,False
opt_cfl_025,SyN + CFL Step 0.25 (Standard),Optimizer & Step,40,inter,Pair 40 (inter),SUCCESS,0.6180536564774073,0.03326951344936076,,59.05050277709961,0.5810315774686858,3.7022079008721454,False
opt_cfl_035,SyN + CFL Step 0.35 (Aggressive),Optimizer & Step,40,inter,Pair 40 (inter),SUCCESS,0.6200348317580272,0.05734192582497996,,60.44071078300476,0.5810315774686858,3.900325428934137,False
opt_regadam,SyN + RegAdam Quotient Optimizer,Optimizer & Step,40,inter,Pair 40 (inter),SUCCESS,0.6369024747659734,0.4230666493921116,,123.40487599372864,0.5810315774686858,5.587089729728756,False
denoise_sobolev,Sobolev SyN + Denoised,Preprocessing (Denoise),40,inter,Pair 40 (inter),SUCCESS,0.624185865649816,0.0037584565271861687,,60.772743225097656,0.5810315774686858,4.315428818113021,True
denoise_tvf,TVF + Denoised,Preprocessing (Denoise),40,inter,Pair 40 (inter),SUCCESS,0.6273338877539787,0.0006264094211976949,,310.352028131485,0.5810315774686858,4.630231028529286,True
denoise_gaussian,Gaussian SyN + Denoised,Preprocessing (Denoise),40,inter,Pair 40 (inter),SUCCESS,0.6149376231316207,0.011414571675157996,,60.00333905220032,0.5810315774686858,3.390604566293487,True
denoise_greedy_regadam,Greedy RegAdam + Denoised,Preprocessing (Denoise),40,inter,Pair 40 (inter),SUCCESS,0.5938352575531337,0.0,,16.562198162078857,0.5810315774686858,1.2803680084447877,True
model_tvf,TVF (Time-Varying Field + DSTI-1),Model Architecture,44,inter,Pair 44 (inter),SUCCESS,0.6095081960047386,0.00249555190979042,,314.75713992118835,0.5876241026607337,2.1884093344004873,False
model_sobolev,Sobolev SyN (Eulerian FFT),Model Architecture,44,inter,Pair 44 (inter),SUCCESS,0.6111539902459964,0.009797351942140167,,55.17395210266113,0.5876241026607337,2.3529887585262643,False
model_gaussian,Gaussian SyN (Eulerian),Model Architecture,44,inter,Pair 44 (inter),SUCCESS,0.5989708140798204,0.034568015343022854,,56.81002688407898,0.5876241026607337,1.134671141908672,False
model_greedy_regadam,Greedy RegAdam,Model Architecture,44,inter,Pair 44 (inter),SUCCESS,0.5740399663902933,0.0,,14.422436952590942,0.5876241026607337,-1.3584136270440417,False
model_greedy_adam,Greedy Adam,Model Architecture,44,inter,Pair 44 (inter),SUCCESS,0.5732727104187767,9.242784851075629e-05,,12.752254009246826,0.5876241026607337,-1.4351392241957028,False
metric_box_lncc,SyN + BoxLNCC (Squared CC),Similarity Metric,44,inter,Pair 44 (inter),SUCCESS,0.5915948088269675,0.024863091249393444,,57.76912999153137,0.5876241026607337,0.39707061662337395,False
metric_cc2,SyN + CC2 (Pseudo-Gradient Squared LNCC),Similarity Metric,44,inter,Pair 44 (inter),SUCCESS,0.59883044877683,0.03364373685791529,,56.25438475608826,0.5876241026607337,1.1206346116096277,False
metric_lncc_linear,SyN + LNCC (Linear Unsquared),Similarity Metric,44,inter,Pair 44 (inter),SUCCESS,0.5971920866624604,0.03050119000854958,,56.54042601585388,0.5876241026607337,0.9567984001726648,False
metric_mattes_mi,SyN + Mattes Mutual Information,Similarity Metric,44,inter,Pair 44 (inter),SUCCESS,0.5760820037294434,0.1674792615014904,,58.98660612106323,0.5876241026607337,-1.1542098931290323,False
reg_gaussian_sig3,SyN + Gaussian (sigma=3.0),Regularization,44,inter,Pair 44 (inter),SUCCESS,0.5991127143782721,0.03539986597961966,,55.69804406166077,0.5876241026607337,1.1488611717538344,False
reg_gaussian_sig2,SyN + Gaussian (sigma=2.0),Regularization,44,inter,Pair 44 (inter),SUCCESS,0.5962661831779119,0.043441088800055455,,57.69769787788391,0.5876241026607337,0.8642080517178186,False
reg_sobolev_a15,SyN + Sobolev FFT (alpha=1.5),Regularization,44,inter,Pair 44 (inter),SUCCESS,0.6113676712929331,0.009520068396607897,,54.66106700897217,0.5876241026607337,2.3743568632199397,False
reg_dsti1,SyN + DSTI-1 DCT,Regularization,44,inter,Pair 44 (inter),SUCCESS,0.6088766071456344,0.6786976916144835,,120.36610817909241,0.5876241026607337,2.125250448490068,False
opt_cfl_015,SyN + CFL Step 0.15 (Conservative),Optimizer & Step,44,inter,Pair 44 (inter),SUCCESS,0.5943298254981089,0.014511172216188738,,49.30327010154724,0.5876241026607337,0.6705722837375139,False
opt_cfl_025,SyN + CFL Step 0.25 (Standard),Optimizer & Step,44,inter,Pair 44 (inter),SUCCESS,0.5989010803765356,0.03447558749451209,,56.128560066223145,0.5876241026607337,1.1276977715801828,False
opt_cfl_035,SyN + CFL Step 0.35 (Aggressive),Optimizer & Step,44,inter,Pair 44 (inter),SUCCESS,0.5995588312102371,0.04676849134644268,,56.88506007194519,0.5876241026607337,1.1934728549503393,False
opt_regadam,SyN + RegAdam Quotient Optimizer,Optimizer & Step,44,inter,Pair 44 (inter),SUCCESS,0.6118948267943141,1.2110820990364397,,120.19419598579407,0.5876241026607337,2.4270724133580335,False
denoise_sobolev,Sobolev SyN + Denoised,Preprocessing (Denoise),44,inter,Pair 44 (inter),SUCCESS,0.6038965567092017,0.0065159064775776165,,56.76711177825928,0.5876241026607337,1.6272454048468,True
denoise_tvf,TVF + Denoised,Preprocessing (Denoise),44,inter,Pair 44 (inter),SUCCESS,0.5907120313053702,0.00030663089306247603,,330.7855317592621,0.5876241026607337,0.3087928644636473,True
denoise_gaussian,Gaussian SyN + Denoised,Preprocessing (Denoise),44,inter,Pair 44 (inter),SUCCESS,0.594104938148232,0.008968953622077424,,57.46865487098694,0.5876241026607337,0.6480835487498227,True
denoise_greedy_regadam,Greedy RegAdam + Denoised,Preprocessing (Denoise),44,inter,Pair 44 (inter),SUCCESS,0.5633319094132191,0.0,,15.017030000686646,0.5876241026607337,-2.4292193247514637,True
model_tvf,TVF (Time-Varying Field + DSTI-1),Model Architecture,55,inter,Pair 55 (inter),SUCCESS,0.6370666729839014,0.0025667790345488455,,292.6163430213928,0.5944364683219847,4.263020466191669,False
model_sobolev,Sobolev SyN (Eulerian FFT),Model Architecture,55,inter,Pair 55 (inter),SUCCESS,0.6159046220182325,0.002138982528790705,,56.1092848777771,0.5944364683219847,2.146815369624777,False
model_gaussian,Gaussian SyN (Eulerian),Model Architecture,55,inter,Pair 55 (inter),SUCCESS,0.6108218173071989,0.00876982836804189,,58.02168273925781,0.5944364683219847,1.6385348985214154,False
model_greedy_regadam,Greedy RegAdam,Model Architecture,55,inter,Pair 55 (inter),SUCCESS,0.574838444791265,0.0,,13.864179849624634,0.5944364683219847,-1.959802353071971,False
model_greedy_adam,Greedy Adam,Model Architecture,55,inter,Pair 55 (inter),SUCCESS,0.5819483143364864,0.0,,12.24721884727478,0.5944364683219847,-1.2488153985498296,False
metric_box_lncc,SyN + BoxLNCC (Squared CC),Similarity Metric,55,inter,Pair 55 (inter),SUCCESS,0.6048021936610941,0.005240507195537227,,54.354461908340454,0.5944364683219847,1.03657253391094,False
metric_cc2,SyN + CC2 (Pseudo-Gradient Squared LNCC),Similarity Metric,55,inter,Pair 55 (inter),SUCCESS,0.6106116084340767,0.00898372662092096,,57.823326110839844,0.5944364683219847,1.617514011209198,False
metric_lncc_linear,SyN + LNCC (Linear Unsquared),Similarity Metric,55,inter,Pair 55 (inter),SUCCESS,0.6085420099690348,0.005668303701295368,,53.95792770385742,0.5944364683219847,1.4105541647050135,False
metric_mattes_mi,SyN + Mattes Mutual Information,Similarity Metric,55,inter,Pair 55 (inter),SUCCESS,0.5994996735030418,0.019892537517753554,,52.55725693702698,0.5944364683219847,0.5063205181057073,False
reg_gaussian_sig3,SyN + Gaussian (sigma=3.0),Regularization,55,inter,Pair 55 (inter),SUCCESS,0.6107521628580452,0.00876982836804189,,57.69702458381653,0.5944364683219847,1.631569453606052,False
reg_gaussian_sig2,SyN + Gaussian (sigma=2.0),Regularization,55,inter,Pair 55 (inter),SUCCESS,0.6091317532550945,0.012619996919865158,,54.7977340221405,0.5944364683219847,1.4695284933109787,False
reg_sobolev_a15,SyN + Sobolev FFT (alpha=1.5),Regularization,55,inter,Pair 55 (inter),SUCCESS,0.615965735897005,0.00224593165523024,,56.279340982437134,0.5944364683219847,2.152926757502027,False
reg_dsti1,SyN + DSTI-1 DCT,Regularization,55,inter,Pair 55 (inter),SUCCESS,0.6391854423986685,0.07005167781789558,,119.75268292427063,0.5944364683219847,4.474897407668377,False
opt_cfl_015,SyN + CFL Step 0.15 (Conservative),Optimizer & Step,55,inter,Pair 55 (inter),SUCCESS,0.6077302007562264,0.0032084737931860575,,55.9815559387207,0.5944364683219847,1.32937324342417,False
opt_cfl_025,SyN + CFL Step 0.25 (Standard),Optimizer & Step,55,inter,Pair 55 (inter),SUCCESS,0.6108213355183383,0.00876982836804189,,57.69542574882507,0.5944364683219847,1.638486719635357,False
opt_cfl_035,SyN + CFL Step 0.35 (Aggressive),Optimizer & Step,55,inter,Pair 55 (inter),SUCCESS,0.6132147184253685,0.01283389517274423,,57.85863471031189,0.5944364683219847,1.8778250103383742,False
opt_regadam,SyN + RegAdam Quotient Optimizer,Optimizer & Step,55,inter,Pair 55 (inter),SUCCESS,0.6386138441785207,0.33068669895104297,,119.7062737941742,0.5944364683219847,4.417737585653603,False
denoise_sobolev,Sobolev SyN + Denoised,Preprocessing (Denoise),55,inter,Pair 55 (inter),SUCCESS,0.624061173669277,0.0021852032603232644,,49.61011505126953,0.5944364683219847,2.9624705347292335,True
denoise_tvf,TVF + Denoised,Preprocessing (Denoise),55,inter,Pair 55 (inter),SUCCESS,0.6236711578695029,0.0018210027169360534,,295.5787250995636,0.5944364683219847,2.923468954751818,True
denoise_gaussian,Gaussian SyN + Denoised,Preprocessing (Denoise),55,inter,Pair 55 (inter),SUCCESS,0.6153638616236965,0.006646659916816595,,58.6114137172699,0.5944364683219847,2.0927393301711783,True
denoise_greedy_regadam,Greedy RegAdam + Denoised,Preprocessing (Denoise),55,inter,Pair 55 (inter),SUCCESS,0.5743106862582512,0.001456802173548843,,15.097986698150635,0.5944364683219847,-2.01257820637335,True
model_tvf,TVF (Time-Varying Field + DSTI-1),Model Architecture,65,inter,Pair 65 (inter),SUCCESS,0.6135569738119206,0.004082098324141635,,254.44338703155518,0.6000972937625605,1.3459680049360156,False
model_sobolev,Sobolev SyN (Eulerian FFT),Model Architecture,65,inter,Pair 65 (inter),SUCCESS,0.6012327219844502,0.006908166394701228,,58.76632595062256,0.6000972937625605,0.11354282218897227,False
model_gaussian,Gaussian SyN (Eulerian),Model Architecture,65,inter,Pair 65 (inter),SUCCESS,0.5949041988560917,0.023759905630260283,,58.04661417007446,0.6000972937625605,-0.5193094906468798,False
model_greedy_regadam,Greedy RegAdam,Model Architecture,65,inter,Pair 65 (inter),SUCCESS,0.5609114228750983,0.0,,12.934961080551147,0.6000972937625605,-3.918587088746217,False
model_greedy_adam,Greedy Adam,Model Architecture,65,inter,Pair 65 (inter),SUCCESS,0.5663362657292028,0.0,,11.575205326080322,0.6000972937625605,-3.3761028033357676,False
metric_box_lncc,SyN + BoxLNCC (Squared CC),Similarity Metric,65,inter,Pair 65 (inter),SUCCESS,0.5996712603825477,0.02972604933477498,,58.02282404899597,0.6000972937625605,-0.042603338001279134,False
metric_cc2,SyN + CC2 (Pseudo-Gradient Squared LNCC),Similarity Metric,65,inter,Pair 65 (inter),SUCCESS,0.5948739765738024,0.020515160808506676,,57.85311007499695,0.6000972937625605,-0.5223317188758125,False
metric_lncc_linear,SyN + LNCC (Linear Unsquared),Similarity Metric,65,inter,Pair 65 (inter),SUCCESS,0.5913298715603273,0.013606994413805447,,57.97123908996582,0.6000972937625605,-0.8767422202233144,False
metric_mattes_mi,SyN + Mattes Mutual Information,Similarity Metric,65,inter,Pair 65 (inter),SUCCESS,0.5939642194916805,0.046473119382535524,,62.67456889152527,0.6000972937625605,-0.6133074270879946,False
reg_gaussian_sig3,SyN + Gaussian (sigma=3.0),Regularization,65,inter,Pair 65 (inter),SUCCESS,0.594912817000087,0.023027221315670757,,58.013028144836426,0.6000972937625605,-0.5184476762473467,False
reg_gaussian_sig2,SyN + Gaussian (sigma=2.0),Regularization,65,inter,Pair 65 (inter),SUCCESS,0.5927023558985247,0.01632839329656654,,57.608527183532715,0.6000972937625605,-0.7394937864035778,False
reg_sobolev_a15,SyN + Sobolev FFT (alpha=1.5),Regularization,65,inter,Pair 65 (inter),SUCCESS,0.601182753878915,0.007536181521492247,,58.748289823532104,0.6000972937625605,0.10854601163544642,False
reg_dsti1,SyN + DSTI-1 DCT,Regularization,65,inter,Pair 65 (inter),SUCCESS,0.6043149414185289,0.3305452950676739,,102.08187890052795,0.6000972937625605,0.4217647655968437,False
opt_cfl_015,SyN + CFL Step 0.15 (Conservative),Optimizer & Step,65,inter,Pair 65 (inter),SUCCESS,0.5907591791485529,0.009210888526268304,,57.739341020584106,0.6000972937625605,-0.9338114614007575,False
opt_cfl_025,SyN + CFL Step 0.25 (Standard),Optimizer & Step,65,inter,Pair 65 (inter),SUCCESS,0.594931101743738,0.02061982999630518,,57.90598678588867,0.6000972937625605,-0.5166192018822513,False
opt_cfl_035,SyN + CFL Step 0.35 (Aggressive),Optimizer & Step,65,inter,Pair 65 (inter),SUCCESS,0.5965062650627626,0.03140075633955103,,58.71632504463196,0.6000972937625605,-0.35910286997978824,False
opt_regadam,SyN + RegAdam Quotient Optimizer,Optimizer & Step,65,inter,Pair 65 (inter),SUCCESS,0.6096432232459561,0.43835455850013244,,102.2395761013031,0.6000972937625605,0.954592948339561,False
denoise_sobolev,Sobolev SyN + Denoised,Preprocessing (Denoise),65,inter,Pair 65 (inter),SUCCESS,0.62285560964691,0.007809908749411846,,59.72990107536316,0.6000972937625605,2.275831588434951,True
denoise_tvf,TVF + Denoised,Preprocessing (Denoise),65,inter,Pair 65 (inter),SUCCESS,0.6226034911079292,0.000674930385751641,,241.70491886138916,0.6000972937625605,2.250619734536874,True
denoise_gaussian,Gaussian SyN + Denoised,Preprocessing (Denoise),65,inter,Pair 65 (inter),SUCCESS,0.617494208365934,0.01214874694352954,,59.47647404670715,0.6000972937625605,1.7396914603373559,True
denoise_greedy_regadam,Greedy RegAdam + Denoised,Preprocessing (Denoise),65,inter,Pair 65 (inter),SUCCESS,0.5953883801760672,0.0,,13.885145902633667,0.6000972937625605,-0.47089135864932796,True
model_tvf,TVF (Time-Varying Field + DSTI-1),Model Architecture,70,inter,Pair 70 (inter),SUCCESS,0.6645897047720197,9.677581688467032e-05,,272.25725412368774,0.6516701569635075,1.2919547808512233,False
model_sobolev,Sobolev SyN (Eulerian FFT),Model Architecture,70,inter,Pair 70 (inter),SUCCESS,0.6620549618481957,0.018871284292510712,,52.72972822189331,0.6516701569635075,1.0384804884688181,False
model_gaussian,Gaussian SyN (Eulerian),Model Architecture,70,inter,Pair 70 (inter),SUCCESS,0.6599586105452899,0.013645390180738515,,56.096391916275024,0.6516701569635075,0.8288453581782429,False
model_greedy_regadam,Greedy RegAdam,Model Architecture,70,inter,Pair 70 (inter),SUCCESS,0.6225720000311413,0.0,,14.595896005630493,0.6516701569635075,-2.909815693236617,False
model_greedy_adam,Greedy Adam,Model Architecture,70,inter,Pair 70 (inter),SUCCESS,0.6282811991652283,0.0,,12.958002805709839,0.6516701569635075,-2.338895779827921,False
metric_box_lncc,SyN + BoxLNCC (Squared CC),Similarity Metric,70,inter,Pair 70 (inter),SUCCESS,0.6576998691972363,0.01151632220927577,,53.21640706062317,0.6516701569635075,0.6029712233728834,False
metric_cc2,SyN + CC2 (Pseudo-Gradient Squared LNCC),Similarity Metric,70,inter,Pair 70 (inter),SUCCESS,0.6598729372708684,0.013742165997623186,,55.61251211166382,0.6516701569635075,0.820278030736088,False
metric_lncc_linear,SyN + LNCC (Linear Unsquared),Similarity Metric,70,inter,Pair 70 (inter),SUCCESS,0.6583293697140983,0.015677682335316592,,54.46125936508179,0.6516701569635075,0.6659212750590782,False
metric_mattes_mi,SyN + Mattes Mutual Information,Similarity Metric,70,inter,Pair 70 (inter),SUCCESS,0.6528349539271894,0.02351652350297489,,54.116459131240845,0.6516701569635075,0.116479696368188,False
reg_gaussian_sig3,SyN + Gaussian (sigma=3.0),Regularization,70,inter,Pair 70 (inter),SUCCESS,0.6598906854596398,0.013645390180738515,,55.783689975738525,0.6516701569635075,0.8220528496132307,False
reg_gaussian_sig2,SyN + Gaussian (sigma=2.0),Regularization,70,inter,Pair 70 (inter),SUCCESS,0.6588020078069428,0.012484080378122472,,55.46299600601196,0.6516701569635075,0.7131850843435261,False
reg_sobolev_a15,SyN + Sobolev FFT (alpha=1.5),Regularization,70,inter,Pair 70 (inter),SUCCESS,0.6620725637519335,0.019935818278242087,,52.554532051086426,0.6516701569635075,1.0402406788425966,False
reg_dsti1,SyN + DSTI-1 DCT,Regularization,70,inter,Pair 70 (inter),SUCCESS,0.6631400149981961,0.47700800142454003,,120.69129920005798,0.6516701569635075,1.1469858034688585,False
opt_cfl_015,SyN + CFL Step 0.15 (Conservative),Optimizer & Step,70,inter,Pair 70 (inter),SUCCESS,0.6569102123703483,0.005516221562426208,,47.34841704368591,0.6516701569635075,0.5240055406840805,False
opt_cfl_025,SyN + CFL Step 0.25 (Standard),Optimizer & Step,70,inter,Pair 70 (inter),SUCCESS,0.6599114892273495,0.013742165997623186,,55.71212601661682,0.6516701569635075,0.8241332263842049,False
opt_cfl_035,SyN + CFL Step 0.35 (Aggressive),Optimizer & Step,70,inter,Pair 70 (inter),SUCCESS,0.6609571602569191,0.03058115813555582,,57.8428840637207,0.6516701569635075,0.9287003293411589,False
opt_regadam,SyN + RegAdam Quotient Optimizer,Optimizer & Step,70,inter,Pair 70 (inter),SUCCESS,0.6664338170167365,0.26052049905353253,,120.38801097869873,0.6516701569635075,1.4763660053229044,False
denoise_sobolev,Sobolev SyN + Denoised,Preprocessing (Denoise),70,inter,Pair 70 (inter),SUCCESS,0.6758928230566037,0.00340740103731023,,53.50049805641174,0.6516701569635075,2.42226660930962,True
denoise_tvf,TVF + Denoised,Preprocessing (Denoise),70,inter,Pair 70 (inter),SUCCESS,0.6731028293798029,8.112859612643405e-05,,254.98224472999573,0.6516701569635075,2.143267241629543,True
denoise_gaussian,Gaussian SyN + Denoised,Preprocessing (Denoise),70,inter,Pair 70 (inter),SUCCESS,0.672828691141474,0.007382702247505499,,56.492615699768066,0.6516701569635075,2.1158534177966537,True
denoise_greedy_regadam,Greedy RegAdam + Denoised,Preprocessing (Denoise),70,inter,Pair 70 (inter),SUCCESS,0.6342797566042426,0.002271600691540153,,15.514098644256592,0.6516701569635075,-1.7390400359264868,True
