pair,type,subject1,subject2,model,alpha,cfl,boot_mode,w_orig,dice_affine,dice_ants,dice_ants_fixed,dice_ants_moving,dice_syngs,dice_syngs_fixed,dice_syngs_moving,dice_gain_pct,win,fold_brain_ants_pct,fold_brain_syngs_pct,fold_whole_ants_pct,fold_whole_syngs_pct,min_jac_brain_ants,min_jac_brain_syngs,harm_ants,harm_syngs,bend_ants,bend_syngs,inv_err_mean_mm,inv_err_p95_mm,inv_err_max_mm,time_affine_s,time_ants_s,time_syngs_s,speedup,time_total_s
0,intra,OASIS-TRT-20-17,OASIS-TRT-20-16,syngs_sobolev,0.35,0.25,antithetic,0.5,0.3717296408692181,0.6328999789585317,0.6104823565206208,0.6553176013964426,0.6532793290865958,0.640973962575486,0.6655846955977056,2.0379350128064133,WIN,0.0,0.0547502143246824,0.0,0.0076484680175781,0.1220872923731803,0.0,0.1201991317793726,0.4251455441117286,0.0269202765775844,0.1898964382708072,0.0371387973427772,0.2350589036941528,2.245298385620117,5.018956184387207,218.76,100.91868376731873,2.1676858222247515,112.29030585289
1,intra,OASIS-TRT-20-16,OASIS-TRT-20-17,syngs_sobolev,0.35,0.25,antithetic,0.5,0.3629404247486257,0.6067171957318807,0.6227132698543852,0.5907211216093762,0.6504064947116154,0.6705043888337846,0.6303086005894462,4.368929897973473,WIN,0.0,0.0458401536136993,0.0,0.0058841705322265,0.0922759100794792,0.0,0.0742068379186093,0.365350179374218,0.0181415756524074,0.1637502089142799,0.0333094373345375,0.2219190597534179,1.930464506149292,4.501291990280151,224.39,99.80266499519348,2.2483367554444227,110.68558931350708
2,intra,NKI-TRT-20-10,NKI-TRT-20-4,syngs_sobolev,0.35,0.25,antithetic,0.5,0.3665032022761307,0.6736926155180265,0.6708433487486269,0.6765418822874261,0.6832990849245808,0.6815694500965226,0.685028719752639,0.9606469406554295,WIN,0.0,0.0712037359863681,0.0,0.0053246815999348,0.1513261348009109,0.0,0.0820507816970348,0.2741180993616581,0.0184608518611639,0.1237182114273309,0.0250072684139013,0.1884800046682357,1.9786970615386963,5.656725168228149,185.87,119.052636384964,1.5612422004581064,132.5496621131897
3,intra,NKI-TRT-20-8,NKI-TRT-20-15,syngs_sobolev,0.35,0.25,antithetic,0.5,0.3736290677281179,0.6667688693617475,0.65973868625327,0.6737990524702251,0.6705138871764654,0.6676142514969848,0.673413522855946,0.3745017814717921,WIN,0.0,0.0738008872282004,0.0,0.0055551528930664,0.1534674614667892,0.0,0.0862332619726657,0.3008749149739742,0.019443410099484,0.131224107928574,0.0283994451165199,0.2067614942789077,2.320368766784668,5.817252159118652,205.68,119.35505414009094,1.7232617544506046,132.93396997451782
4,intra,OASIS-TRT-20-12,OASIS-TRT-20-1,syngs_sobolev,0.35,0.25,antithetic,0.5,0.3451902250570702,0.6134540738479137,0.6035084964614416,0.6233996512343858,0.6365552912867023,0.6301477651929152,0.6429628173804894,2.310121743878857,WIN,0.0,0.0597504465392414,0.0,0.0067901611328125,0.0788992643356323,0.0,0.1044365763664245,0.3894911929965019,0.024531869974453,0.1727308752015233,0.0348042696714401,0.2245258539915084,2.150618314743042,4.413031101226807,121.62,100.21098709106444,1.2136393775812286,111.05461502075195
5,intra,NKI-TRT-20-20,NKI-TRT-20-11,syngs_sobolev,0.35,0.25,antithetic,0.5,0.3281973147944511,0.6209805902567052,0.6128964603913134,0.6290647201220968,0.6079444086736208,0.5971274436361097,0.6187613737111319,-1.3036181583084394,LOSS,0.0,0.0354595622973549,0.0,0.0029961268107096,0.1285922229290008,0.0,0.0923224268481135,0.3049203306436538,0.0185601610573939,0.1294009275734424,0.0295688230544328,0.2151551991701126,1.9599725008010864,6.014088153839111,143.84,119.237065076828,1.2063363007745922,133.0736219882965
6,intra,MMRR-21-17,MMRR-21-3,syngs_sobolev,0.35,0.25,antithetic,0.5,0.3162731132934918,0.611563603912908,0.5947985526122117,0.6283286552136044,0.6085020804160515,0.5941899184699848,0.622814242362118,-0.3061523496856511,LOSS,0.0,0.0337201869564452,0.0,0.002450382008272,0.0718655735254287,0.0,0.0929066091775894,0.3119804169982672,0.0190596295287832,0.1247640904039144,0.0299566499888896,0.2143747955560684,2.0735878944396973,5.565322160720825,136.76,109.6001238822937,1.247808808563711,122.11787819862366
7,intra,MMRR-21-12,MMRR-21-20,syngs_sobolev,0.35,0.25,antithetic,0.5,0.322529429961806,0.599886328812783,0.5880633568062846,0.6117093008192814,0.6121585177179305,0.5950178956310148,0.6292991398048462,1.2272188905147474,WIN,0.0,0.0600981358584322,0.0,0.0033300063189338,0.1042685210704803,0.0,0.0671471743844449,0.2005802914500236,0.0162442326545715,0.0878831923473626,0.020318591967225,0.1604538559913635,1.7667438983917236,4.63330602645874,122.15,109.57276320457458,1.114784335336542,121.16108989715576
8,intra,MMRR-21-8,MMRR-21-14,syngs_sobolev,0.35,0.25,antithetic,0.5,0.372955675611718,0.6278456994136863,0.6384376474768476,0.617253751350525,0.6381002964006752,0.6515714673504833,0.6246291254508671,1.025459698698894,WIN,0.0,0.0542356417209697,0.0,0.00396728515625,0.111903503537178,0.0,0.0721996026113629,0.2278851568698883,0.0167743629426695,0.0951458744239062,0.0236925259232521,0.1758535802364349,1.6661311388015747,5.006741046905518,139.95,109.48043990135191,1.27831053771891,121.425311088562
9,intra,OASIS-TRT-20-3,OASIS-TRT-20-10,syngs_sobolev,0.35,0.25,antithetic,0.5,0.3471594185585194,0.6412428349031962,0.6414212080871409,0.6410644617192516,0.6513539617199018,0.6487074743870476,0.654000449052756,1.0111126816705562,WIN,0.0,0.0624413945955161,0.0,0.0064659118652343,0.105536550283432,0.0,0.1127489730715751,0.3644180819392204,0.0273736660601571,0.1639321120455861,0.0321772694587707,0.2108720391988754,1.852361798286438,4.888101816177368,132.26,100.14244294166564,1.3207187293907263,111.47712206840517
10,intra,NKI-TRT-20-11,NKI-TRT-20-10,syngs_sobolev,0.35,0.25,antithetic,0.5,0.3510227010312314,0.6165275315450189,0.6162017212546987,0.6168533418353391,0.6029406150419159,0.6156142346270629,0.590266995456769,-1.3586916503103064,LOSS,0.0,0.0747918155190928,0.0,0.0055154164632161,0.1224848851561546,0.0,0.088640496134758,0.355021234601736,0.0186701196071226,0.1488214908167719,0.0311408713459968,0.2224298417568206,2.3268702030181885,6.358349084854126,138.51,119.43010210990906,1.1597578629927998,133.5864577293396
11,intra,NKI-RS-22-17,NKI-RS-22-1,syngs_sobolev,0.35,0.25,antithetic,0.5,0.353355026189228,0.6174132835713098,0.6287380032136392,0.6060885639289805,0.6320014301314352,0.6454532677720527,0.6185495924908175,1.4588146560125417,WIN,0.0,0.0778134954478193,0.0,0.0069220860799153,0.1072484627366066,0.0,0.0943588288500905,0.3430367223918438,0.0214089460205286,0.1464453360531479,0.0306335259228944,0.210812896490097,1.936145901679993,5.74721884727478,140.4,119.25231719017027,1.1773356133290538,132.77728605270386
12,intra,MMRR-21-9,MMRR-21-2,syngs_sobolev,0.35,0.25,antithetic,0.5,0.3426504237317752,0.6017600192237048,0.6202277217557465,0.5832923166916631,0.6228427804129645,0.6437039902608369,0.601981570565092,2.108276118925967,WIN,0.0,0.0651788989252078,0.0,0.0046314912683823,0.1167315021157264,0.0,0.0826796442270279,0.2731479778885841,0.019151258515194,0.1169825524557381,0.0259813033044338,0.1961371749639511,1.9810365438461304,4.671083927154541,129.48,109.55807495117188,1.1818389475874505,121.12169814109802
13,intra,OASIS-TRT-20-7,OASIS-TRT-20-15,syngs_sobolev,0.35,0.25,antithetic,0.5,0.3294933551982349,0.6418724040601322,0.6392310341976846,0.6445137739225798,0.6427998528485548,0.6338348530004335,0.6517648526966762,0.0927448788422546,WIN,0.0,0.0291831534711851,0.0,0.0052452087402343,0.1022372469305992,0.0,0.1326330015435814,0.4236532710492611,0.0287554358365014,0.1794545957818627,0.0377940237522125,0.2354616969823837,1.7273857593536377,5.257292032241821,126.87,100.27861499786376,1.265175032609921,112.04417610168456
14,intra,NKI-RS-22-21,NKI-RS-22-2,syngs_sobolev,0.35,0.25,antithetic,0.5,0.3644111961586035,0.6242187501312024,0.6220221235725032,0.6264153766899018,0.6394992415317085,0.6429964872767049,0.6360019957867119,1.5280491400506024,WIN,0.0,0.0785505492099875,0.0,0.0056425730387369,0.1456438452005386,0.0,0.0766434483230114,0.2832380626350641,0.0182175116497091,0.1256800042465329,0.0265669953078031,0.1962375789880752,1.977797508239746,5.273309946060181,138.49,119.3780107498169,1.1600963957276564,132.4893250465393
15,intra,NKI-TRT-20-16,NKI-TRT-20-18,syngs_sobolev,0.35,0.25,antithetic,0.5,0.3722762493183537,0.6474864454696976,0.6306709739410065,0.6643019169983888,0.6350112306226916,0.6246480177854413,0.6453744434599418,-1.2475214847005978,LOSS,0.0,0.0418524143729902,0.0,0.0046014785766601,0.075928084552288,0.0,0.1061936076730489,0.3648319840431213,0.0216077595832757,0.1492261262610554,0.0343551710247993,0.2330165952444076,1.835960268974304,6.173202276229858,143.61,119.3596441745758,1.2031704768653262,133.3076491355896
16,intra,OASIS-TRT-20-15,OASIS-TRT-20-16,syngs_sobolev,0.35,0.25,antithetic,0.5,0.3536610294120511,0.6183456428417675,0.6087008470817538,0.6279904386017812,0.6457725301841075,0.6473200746065887,0.6442249857616262,2.742688734234,WIN,0.0,0.0421099712605393,0.0,0.0052452087402343,0.1098179370164871,0.0,0.0947339786216616,0.3279136829078197,0.0228085680864751,0.1501914747059345,0.0294175744056701,0.2069974392652511,2.2953410148620605,4.415823936462402,120.34,99.97518014907835,1.2036987562368435,110.8138349056244
17,intra,NKI-RS-22-12,NKI-RS-22-2,syngs_sobolev,0.35,0.25,antithetic,0.5,0.3949892521842681,0.6798311214304917,0.6613871803036734,0.69827506255731,0.6949158909778619,0.6877819458570515,0.7020498360986722,1.5084769547370147,WIN,0.0,0.0685114070505543,0.0,0.0058333079020182,0.1530454307794571,0.0,0.0809587431140244,0.2917082253843546,0.0182585107977502,0.1256955871358513,0.0287717301398515,0.205749973654747,2.0496559143066406,6.074962854385376,144.82,119.29007601737976,1.214015489259146,133.21536827087402
18,intra,OASIS-TRT-20-6,OASIS-TRT-20-1,syngs_sobolev,0.35,0.25,antithetic,0.5,0.3495536895739091,0.653367266763387,0.6452255596986489,0.6615089738281251,0.670408,0.5986353376411677,0.6295068969325854,1.7040733236613037,1,0.0,0.0764282043002329,0.0,0.011148452758789,0.0494850203394889,0.0,0.129406644962728,0.4648612216114998,0.0287362802773714,0.2086815577931702,0.0416471436619758,0.2622204124927521,1.6943962574005127,5.115079879760742,123.2,99.86827325820924,1.2336250140369067,111.39616823196413
19,intra,OASIS-TRT-20-11,OASIS-TRT-20-8,syngs_sobolev,0.35,0.25,antithetic,0.5,0.3731951877258163,0.6436312532660866,0.6523605822923814,0.6349019242397917,0.6563481347176562,0.6717191831464054,0.6409770862889069,1.2716881451569573,WIN,0.0,0.0583685389549616,0.0,0.0064277648925781,0.1229909732937812,0.0,0.1106703486293554,0.3487916365265846,0.0256150864297524,0.1551480605266988,0.033633928745985,0.2162207216024398,2.0061192512512207,5.2774882316589355,123.85,99.85375094413756,1.2403139474378575,111.64501595497131
20,intra,MMRR-21-20,MMRR-21-17,syngs_sobolev,0.35,0.25,antithetic,0.5,0.3127255417788229,0.6067134468608519,0.6327292402184161,0.5806976535032878,0.626891,0.6067500599953021,0.5467528510018388,2.017755313914804,1,0.0,0.0547260827158259,0.0,0.0054303337545955,0.098092220723629,0.0,0.1028927052393555,0.3183245118707418,0.0209272953215986,0.1281607807613909,0.0311113912612199,0.219977006316185,1.9552921056747437,5.124305963516235,123.73,109.37500715255736,1.1312456403081204,121.38510370254517
21,intra,NKI-TRT-20-7,NKI-TRT-20-18,syngs_sobolev,0.35,0.25,antithetic,0.5,0.368474431884874,0.636729958907068,0.6324833731740929,0.6409765446400431,0.6595363803219232,0.6507101966859413,0.6683625639579052,2.2806421414855227,WIN,0.0,0.0939357187439333,0.0,0.0066041946411132,0.0954513475298881,0.0,0.0784701919183135,0.2915706373751163,0.0183092898223549,0.1259358515962958,0.0264323130249977,0.1953432559967041,1.8973915576934817,5.57966160774231,144.22,119.23012709617616,1.2095936112159469,132.636816740036
22,intra,NKI-RS-22-22,NKI-RS-22-6,syngs_sobolev,0.35,0.25,antithetic,0.5,0.3697114915150182,0.6321172022340256,0.647420265298405,0.6168141391696461,0.6698485412595828,0.6866748400311761,0.6530222424879896,3.773133902555726,WIN,0.0,0.0560206734356162,0.0,0.0041007995605468,0.1555676907300949,0.0,0.0664581889286637,0.2404040843248367,0.0166782266460359,0.1127565274946391,0.0237280279397964,0.1826117187738418,1.6582489013671875,5.063776969909668,135.54,119.37612009048462,1.1354029591283707,132.2758243083954
23,intra,NKI-RS-22-19,NKI-RS-22-17,syngs_sobolev,0.35,0.25,antithetic,0.5,0.3433172503758602,0.6152779389013684,0.6026745587861186,0.6278813190166181,0.6195352368080607,0.6128024120535545,0.6262680615625668,0.425729790669227,WIN,0.0,0.065585371010403,0.0,0.0050942103068033,0.0968756899237632,0.0,0.074703793041408,0.2835195083171129,0.0175381561857648,0.1255860482342541,0.026620864868164,0.1986987292766571,2.9507980346679688,5.414233922958374,137.33,119.39576196670532,1.1502083301607962,132.6167607307434
24,intra,MMRR-21-14,MMRR-21-2,syngs_sobolev,0.35,0.25,antithetic,0.5,0.3324298848668104,0.606889679776232,0.6263069207259176,0.5874724388265464,0.6020333112495548,0.6265675993099816,0.5774990231891282,-0.4856368526677146,LOSS,0.0,0.0533529136765704,0.0,0.0044160730698529,0.1342876553535461,0.0,0.0875028213486075,0.2784722056239843,0.0192128798807971,0.1155773368664085,0.0282727070152759,0.206415057182312,1.7639461755752563,4.968887090682983,126.47,109.51609706878662,1.154807406262521,121.39837694168092
25,intra,NKI-TRT-20-11,NKI-TRT-20-16,syngs_sobolev,0.35,0.25,antithetic,0.5,0.3468768126214816,0.6193309255588317,0.6293934360233506,0.6092684150943128,0.6542683559034229,0.668010257960575,0.6405264538462708,3.493743034459118,WIN,0.0,0.0612122959416038,0.0,0.0048240025838216,0.1353950500488281,0.0,0.086582088842988,0.2837577704340219,0.0184309725882485,0.1222777888178825,0.0274636391550302,0.1977820992469787,1.987890124320984,6.077960014343262,136.86,119.45403289794922,1.1457126785909428,133.38166093826294
26,intra,NKI-RS-22-8,NKI-RS-22-5,syngs_sobolev,0.35,0.25,antithetic,0.5,0.3793630078520449,0.6592981225796088,0.6458254340335927,0.6727708111256251,0.673838499532681,0.6614648983828625,0.6862121006824996,1.4540376953072198,WIN,0.0,0.0634860107662538,0.0,0.004895528157552,0.121021993458271,0.0,0.0875321868807077,0.2815442904829979,0.018732805881882,0.1200421075336635,0.0285461042076349,0.2041573673486709,2.10162615776062,5.496472120285034,141.11,119.03950786590576,1.1854047662810905,132.32775330543518
27,intra,NKI-TRT-20-7,NKI-TRT-20-12,syngs_sobolev,0.35,0.25,antithetic,0.5,0.3571602803512209,0.6220060496970126,0.6239277340144753,0.6200843653795499,0.6385888289468509,0.6421748728749214,0.6350027850187804,1.6582779249838309,WIN,0.0,0.0793234958282103,0.0,0.0058253606160481,0.1188808754086494,0.0,0.0820956397801637,0.2667100448161363,0.0194724914617836,0.1152514074929058,0.027044216170907,0.2040721327066421,2.445582389831543,5.3197431564331055,144.64,119.05882692337036,1.2148616254475142,132.18218517303467
28,intra,NKI-RS-22-11,NKI-RS-22-20,syngs_sobolev,0.35,0.25,antithetic,0.5,0.3751137244308553,0.6356348046066008,0.6298831930157779,0.6413864161974238,0.6536057740381841,0.6473223002358514,0.6598892478405168,1.7970969431583272,WIN,0.0,0.0644393111013993,0.0,0.005189577738444,0.1152161434292793,0.0,0.0709516033530235,0.2625326849520206,0.0173956038197502,0.1185565488412976,0.0262032281607389,0.1951967030763626,1.5815080404281616,5.372586965560913,141.47,119.44715809822084,1.184373092272902,132.6223108768463
29,intra,OASIS-TRT-20-1,OASIS-TRT-20-11,syngs_sobolev,0.35,0.25,antithetic,0.5,0.314995787523573,0.639368715923692,0.6480631305923525,0.6306743012550315,0.6513592832268231,0.6520352130825003,0.6506833533711458,1.1990567303131083,WIN,0.0,0.0659142504094945,0.0,0.0090503692626953,0.0953516960144043,0.0,0.1331619638949632,0.4186067879199981,0.0303779182722792,0.1795238023623824,0.0378524772822856,0.2313237935304641,1.774831771850586,5.012293815612793,128.29,100.49051308631896,1.27663792391827,111.93362283706664
30,intra,MMRR-21-2,MMRR-21-15,syngs_sobolev,0.35,0.25,antithetic,0.5,0.3266981598726939,0.6057520728133725,0.5979036653215312,0.6136004803052137,0.6233936024656663,0.6140252966611432,0.6327619082701895,1.764152965229382,WIN,0.0,0.0551256502497476,0.0,0.0047840791590073,0.1003942489624023,0.0,0.0892782434821128,0.313484052196145,0.0204629991785623,0.1266021379269659,0.0291521102190017,0.209361046552658,1.9162307977676392,4.8732829093933105,126.79,109.511048078537,1.1577827280866788,121.29128193855286
31,intra,NKI-RS-22-19,NKI-RS-22-12,syngs_sobolev,0.35,0.25,antithetic,0.5,0.3691193658188739,0.6291836864838513,0.6256653840067856,0.6327019889609169,0.6451237349615926,0.6404549163629746,0.6497925535602105,1.594004847774133,WIN,0.0,0.0608390612662291,0.0,0.0048637390136718,0.1358660757541656,0.0,0.0790500440634787,0.2790493573993444,0.0191500096116215,0.1244454570114612,0.0270353332161903,0.1991979926824569,1.9468451738357544,5.798460006713867,138.88,119.34175705909728,1.1637167360559932,132.98477506637573
32,intra,NKI-TRT-20-9,NKI-TRT-20-2,syngs_sobolev,0.35,0.25,antithetic,0.5,0.3368639604123514,0.6139801109644121,0.6183763603100825,0.6095838616187416,0.62972686632586,0.6381006958507245,0.6213530368009954,1.5746755361447873,WIN,0.0,0.0703475211930229,0.0,0.0052690505981445,0.124524138867855,0.0,0.0924339583143591,0.3147346414625644,0.0212000663159415,0.1397294299677014,0.0278636869043111,0.2026506662368774,1.904634475708008,5.424543142318726,150.19,119.14649605751038,1.2605490297214057,132.35591077804563
33,intra,MMRR-21-6,MMRR-21-16,syngs_sobolev,0.35,0.25,antithetic,0.5,0.3538667581133479,0.6202269640211329,0.6178485618441516,0.6226053661981141,0.630726001960737,0.6359628132156979,0.625489190705776,1.049903793960416,WIN,0.0,0.0688420409096396,0.0,0.0052328670726102,0.0806324258446693,0.0,0.0836005923338234,0.2806104365736246,0.0184845062030944,0.1183755423408001,0.0263903848826885,0.1957594156265258,1.8443315029144287,4.785521030426025,125.92,109.46946668624878,1.150275084109985,121.1783571243286
34,intra,OASIS-TRT-20-16,OASIS-TRT-20-13,syngs_sobolev,0.35,0.25,antithetic,0.5,0.3632863886371705,0.6511406088553662,0.6527677626580212,0.6495134550527111,0.658119614788496,0.6550217400672317,0.6612174895097604,0.6979005933129834,WIN,0.0,0.056857529589524,0.0,0.0075435638427734,0.1068346798419952,0.0,0.1083141667768359,0.3766445554792881,0.0263636418385431,0.1671045096591115,0.0331038460135459,0.2156961113214492,1.908725619316101,5.036410808563232,123.1,99.92861104011536,1.2318794259091894,111.49131798744202
35,intra,MMRR-21-14,MMRR-21-3,syngs_sobolev,0.35,0.25,antithetic,0.5,0.3460422351735617,0.6125620250015078,0.6103454132361961,0.6147786367668194,0.6291801839642566,0.6353446348953037,0.6230157330332095,1.6618158962748764,WIN,0.0,0.0538811603466354,0.0,0.0055829216452205,0.1128070354461669,0.0,0.0842773062177002,0.270137520506978,0.0189928374020382,0.1131447295192629,0.02630983479321,0.1903079152107238,1.794386625289917,5.156066179275513,128.46,109.68506789207458,1.171171267600428,121.85325694084167
36,intra,OASIS-TRT-20-12,OASIS-TRT-20-7,syngs_sobolev,0.35,0.25,antithetic,0.5,0.3573572134198921,0.6294336875423941,0.6184846667652972,0.6403827083194911,0.6428399734834679,0.6417761203451551,0.6439038266217807,1.3406285941073737,WIN,0.0,0.0800910240845151,0.0,0.008707046508789,0.0998110547661781,0.0,0.1061261277645826,0.3886987082660198,0.0256456000497564,0.1762252650223672,0.0349370166659355,0.2294781357049942,2.075242519378662,4.696994066238403,120.98,99.98370099067688,1.2099972175592997,111.20278096199036
37,intra,NKI-TRT-20-2,NKI-TRT-20-17,syngs_sobolev,0.35,0.25,antithetic,0.5,0.3723536389104095,0.6242016710333163,0.6037871335238482,0.6446162085427845,0.6506098817132804,0.638427359129736,0.6627924042968246,2.640821067996413,WIN,0.0,0.0731088072587635,0.0,0.0061750411987304,0.0916483327746391,0.0,0.1008423445746302,0.3370835594832897,0.0231952592148445,0.1443632976152002,0.0314700305461883,0.2183736711740493,1.958188533782959,6.109928131103516,142.41,119.40136194229126,1.19269996324522,133.4354910850525
38,intra,NKI-RS-22-14,NKI-RS-22-21,syngs_sobolev,0.35,0.25,antithetic,0.5,0.339615424003707,0.6240037041898674,0.616052124270993,0.6319552841087419,0.6319669944423782,0.6176687353441731,0.6462652535405834,0.7963290252510857,WIN,0.0,0.0528746092334656,0.0,0.004736582438151,0.1050376817584037,0.0,0.0889733014628291,0.2992697786539793,0.0195057328091934,0.1287235277704894,0.0288995113223791,0.2080683410167694,2.541001558303833,5.919899940490723,143.04,119.08860397338869,1.201122485506367,132.80369901657104
39,intra,MMRR-21-17,MMRR-21-11,syngs_sobolev,0.35,0.25,antithetic,0.5,0.3125408283232979,0.5824281551703548,0.5550428737546597,0.60981343658605,0.5818758622029646,0.5574359931089078,0.6063157312970214,-0.0552292967390233,LOSS,0.0,0.0835674198485817,0.0,0.0050264246323529,0.1258478611707687,0.0,0.1015601987019181,0.3270303159952163,0.0214737792848609,0.1291421055793762,0.0317296124994754,0.2264422476291656,2.492745876312256,5.211016893386841,130.22,109.56076216697691,1.1885642033188597,121.6874978542328
40,inter,NKI-RS-22-6,OASIS-TRT-20-7,syngs_sobolev,0.35,0.25,antithetic,0.5,0.3437163363321819,0.5810315774686858,0.5856429281644036,0.5764202267729681,0.6317385522599592,0.6414273405488128,0.6220497639711058,5.07069747912734,WIN,0.0,0.0892224306858453,0.0,0.0091711680094401,0.097759835422039,0.0,0.1155350301414728,0.3969110064208507,0.0247592086088843,0.1739398022182285,0.035168383270502,0.2325689792633056,2.3934364318847656,5.633993864059448,142.04,119.43394112586977,1.189276671782153,133.03905987739563
41,inter,MMRR-21-2,NKI-TRT-20-18,syngs_sobolev,0.35,0.25,antithetic,0.5,0.3463001627598288,0.6092612726879854,0.5697170604908708,0.6488054848851,0.6538198237056909,0.6218156362049849,0.685824011206397,4.455855101770556,WIN,0.0,0.0535728150314449,0.0,0.0046404670266544,0.0981982201337814,0.0,0.0924482503905892,0.2876083273440599,0.0187342539720702,0.1127952332608401,0.028062904253602,0.2025232315063476,1.7751579284667969,4.709643602371216,224.98,109.41240501403809,2.056256783416232,121.10702085494997
42,inter,MMRR-21-10,NKI-RS-22-11,syngs_sobolev,0.35,0.25,antithetic,0.5,0.3715715334256124,0.6265396328943884,0.6119777034934367,0.6411015622953401,0.6399773629249659,0.637276097741711,0.6426786281082207,1.3437730030577466,WIN,0.0,0.06755936282248,0.0,0.0057085822610294,0.0728485286235809,0.0,0.0911203892901539,0.3102243617177009,0.0194453780422918,0.1227932360488921,0.0306472722440958,0.2160413712263107,1.8119959831237793,5.60785984992981,130.25,109.51386499404909,1.1893471206324215,122.1276469230652
43,inter,OASIS-TRT-20-12,NKI-TRT-20-10,syngs_sobolev,0.35,0.25,antithetic,0.5,0.3357581966318972,0.6230767240467183,0.5952616086958218,0.6508918393976147,0.6291107344468014,0.617299223773725,0.6409222451198778,0.6034010400083112,WIN,0.0,0.0489445147183147,0.0,0.0051307678222656,0.0972357541322708,0.0,0.118372674100101,0.392888143658638,0.0259459696244448,0.1683275583200156,0.036739807575941,0.2383261024951934,1.8868885040283203,5.72223424911499,130.19,100.82821893692017,1.2912059874969035,113.19775581359865
44,inter,NKI-TRT-20-2,MMRR-21-2,syngs_sobolev,0.35,0.25,antithetic,0.5,0.33664074712634,0.5876241026607337,0.6122237385024794,0.5630244668189881,0.6241310273210956,0.6467966494943037,0.6014654051478875,3.6506924660361872,WIN,0.0,0.1000722039952877,0.0,0.0106414159138997,0.089457519352436,0.0,0.1065954957157373,0.3995987996459007,0.0249806301435455,0.1748419124633073,0.0322690941393375,0.2230137139558792,1.9122439622879028,5.215547323226929,150.03,119.24263310432434,1.2581909346864226,132.2424659729004
45,inter,MMRR-21-17,NKI-TRT-20-7,syngs_sobolev,0.35,0.25,antithetic,0.5,0.319356454841685,0.603799469633619,0.5606305101936319,0.6469684290736061,0.6201863833956012,0.5965988295601221,0.6437739372310802,1.6386913761982205,WIN,0.0,0.0328405299054075,0.0,0.0021541819852941,0.0801057964563369,0.0,0.1016894243657589,0.3037741109728813,0.0199975573923438,0.1197142088785767,0.0293677672743797,0.2133355885744094,2.244077205657959,5.444698095321655,129.84,109.54358506202698,1.1852816385960032,122.00660705566406
46,inter,NKI-RS-22-12,OASIS-TRT-20-3,syngs_sobolev,0.35,0.25,antithetic,0.5,0.3616939371564347,0.6119141559614505,0.6312721539062018,0.5925561580166993,0.6382432762436443,0.6530313559454471,0.6234551965418414,2.6329120282193808,WIN,0.0,0.0621933522216847,0.0,0.0051657358805338,0.1361943185329437,0.0,0.093691412359476,0.3257235363125801,0.0225992295308969,0.1404151902534067,0.0313771180808544,0.2235436141490936,1.8826957941055296,6.132183074951172,146.83,119.38459277153017,1.2298906968757095,133.4695188999176
47,inter,NKI-RS-22-12,NKI-TRT-20-18,syngs_sobolev,0.35,0.25,antithetic,0.5,0.4085530512190905,0.6703911384007785,0.6567346301896825,0.6840476466118744,0.6896720596976561,0.6747221653401503,0.7046219540551619,1.928092129687764,WIN,0.0,0.0580471287402391,0.0,0.0044981638590494,0.0933393687009811,0.0,0.0828485619276762,0.2974317446351051,0.0184333671058993,0.1231410573236644,0.0286310072988271,0.2026782035827636,1.988927960395813,5.586281061172485,141.81,119.2518231868744,1.1891642090685328,132.68411707878113
48,inter,OASIS-TRT-20-12,NKI-TRT-20-7,syngs_sobolev,0.35,0.25,antithetic,0.5,0.362671576370381,0.6025941157787624,0.5695116135166487,0.6356766180408763,0.6314798567826646,0.6112298159296606,0.6517298976356686,2.8885741003902177,WIN,0.0,0.0697088542957816,0.0,0.0081634521484375,0.1202087253332138,0.0,0.101052819751203,0.4001368284225464,0.0257372164633125,0.1850395505316555,0.0362174995243549,0.2361790090799331,2.1030445098876953,6.459033966064453,120.74,100.43070697784424,1.2022219461885908,113.54031705856325
49,inter,NKI-RS-22-15,OASIS-TRT-20-7,syngs_sobolev,0.35,0.25,antithetic,0.5,0.3513202203420689,0.6485829274830958,0.6597108863226526,0.6374549686435389,0.6583375844587194,0.6716998365801972,0.6449753323372415,0.975465697562361,WIN,0.0,0.0390544152186237,0.0,0.0039577484130859,0.1284393370151519,0.0,0.1028185375034809,0.3500931560993194,0.023742965364363,0.1445353261660784,0.0333258062601089,0.2234917134046554,1.9338194131851196,5.494063138961792,153.9,119.72341299057008,1.2854628527180547,133.0931351184845
50,inter,MMRR-21-15,OASIS-TRT-20-18,syngs_sobolev,0.35,0.25,antithetic,0.5,0.3414540122649762,0.5866339990300169,0.5736316714830387,0.599636326576995,0.610276665708744,0.6038709504517096,0.6166823809657783,2.3642666678727053,WIN,0.0,0.0593127991503096,0.0,0.0045955882352941,0.1253085434436798,0.0,0.080568456556648,0.2923119124025106,0.0182759321178309,0.1173281851224601,0.0281951464712619,0.2025394886732101,2.0787594318389893,5.2134692668914795,120.94,109.59905624389648,1.103476655226537,121.8710389137268
51,inter,NKI-RS-22-13,NKI-TRT-20-8,syngs_sobolev,0.35,0.25,antithetic,0.5,0.3162588652486587,0.5973069596791805,0.5952790182166289,0.599334901141732,0.6028394614792412,0.6026493292693812,0.603029593689101,0.5532501800060707,WIN,0.0,0.074885450645411,0.0,0.0042915344238281,0.105894386768341,0.0,0.0802543023601174,0.26870047301054,0.0189684050856158,0.1208004713989794,0.0247558951377868,0.1863761693239212,1.7563817501068115,5.813082933425903,140.02,119.09743690490724,1.175676014856628,132.77570295333862
52,inter,MMRR-21-14,OASIS-TRT-20-20,syngs_sobolev,0.35,0.25,antithetic,0.5,0.3401852727933881,0.6082509849818152,0.6053935853314274,0.6111083846322031,0.631640659090503,0.6364868270363492,0.6267944911446569,2.3389674108687863,WIN,0.0,0.0309024301988056,0.0,0.0024773092830882,0.0961873680353164,0.0,0.0836981800384819,0.2645430266857147,0.0183579795702826,0.1046147758606821,0.0273112524300813,0.1930967569351196,1.892689824104309,4.589983940124512,123.3,109.55380415916444,1.125474381709872,121.16262793540956
53,inter,NKI-RS-22-2,NKI-TRT-20-1,syngs_sobolev,0.35,0.25,antithetic,0.5,0.3399809844921339,0.5829446419410704,0.6137799053785213,0.5521093785036194,0.6042461873912041,0.6273256321952322,0.5811667425871759,2.130154545013363,WIN,0.0,0.0677000051580956,0.0,0.0061909357706705,0.1015989556908607,0.0,0.0946209840476512,0.2971260529011488,0.0211866239551454,0.1339720948599279,0.0278389770537614,0.2071990668773651,1.7778278589248655,5.245651006698608,154.73,119.5072910785675,1.2947327196821494,132.61129522323608
54,inter,MMRR-21-12,NKI-TRT-20-10,syngs_sobolev,0.35,0.25,antithetic,0.5,0.3484253219193783,0.6221204777489908,0.5924407944187726,0.651800161079209,0.6281793979784036,0.6189860287143517,0.6373727672424556,0.605892022941279,WIN,0.0,0.0729239575355366,0.0,0.0042993882123161,0.0848468393087387,0.0,0.0654970901086926,0.2090257443487644,0.014660061628092,0.0888878542464226,0.0214032270014286,0.1643228977918625,1.7662630081176758,4.7626118659973145,147.24,109.77837586402892,1.3412477534042853,121.56098103523254
55,inter,NKI-RS-22-2,OASIS-TRT-20-8,syngs_sobolev,0.35,0.25,antithetic,0.5,0.3311094445005518,0.5944364683219847,0.6362610476786976,0.5526118889652719,0.6085302195729949,0.6373120566170197,0.5797483825289702,1.40937512510102,WIN,0.0,0.0573838138959096,0.0,0.0052213668823242,0.1443833410739898,0.0,0.0872432179749012,0.3057421892881393,0.0199133495916612,0.1334301754832267,0.0281698554754257,0.2081349939107895,1.7552587985992432,5.37797474861145,145.41,119.54338097572328,1.216378513081621,132.8797619342804
56,inter,OASIS-TRT-20-5,NKI-TRT-20-6,syngs_sobolev,0.35,0.25,antithetic,0.5,0.3326345674793526,0.6420797370045467,0.6351342436192036,0.6490252303898898,0.653408,0.6142281513177394,0.5995413608638539,1.1328262995453309,1,0.0,0.0808590641016576,0.0,0.0089931488037109,0.1066817715764045,0.0,0.1247690906748175,0.4421405382454395,0.0280975970672443,0.193393254186958,0.0422484800219535,0.2624575793743133,1.8739447593688965,5.483412027359009,125.25,100.7056028842926,1.2437242458486455,112.7025909423828
57,inter,NKI-RS-22-12,MMRR-21-7,syngs_sobolev,0.35,0.25,antithetic,0.5,0.3522960814096425,0.6150187849253953,0.6566110544564924,0.5734265153942982,0.656408570660445,0.6909768137827148,0.6218403275381752,4.13897857350497,WIN,0.0,0.0777910500804564,0.0,0.0067472457885742,0.0930220633745193,0.0,0.0980904623866081,0.3244691267609596,0.0239845975302159,0.1410719866398722,0.0297538042068481,0.2097484320402145,1.7453972101211548,5.23182487487793,140.09,119.13683485984802,1.1758747843586843,132.0699028968811
58,inter,NKI-RS-22-3,NKI-TRT-20-14,syngs_sobolev,0.35,0.25,antithetic,0.5,0.3810515172365305,0.6340437279520468,0.6353867998430353,0.6327006560610583,0.6652494511729358,0.669791160236515,0.6607077421093566,3.1205723220888992,WIN,0.0,0.0614441383409188,0.0,0.0049511591593424,0.1108697950839996,0.0,0.0743545941077172,0.2584268786013126,0.0176297286525368,0.1149458461441099,0.0251177754253149,0.1870441883802414,2.026571989059448,5.94268012046814,137.97,119.49137091636658,1.1546440461928154,133.2929301261902
59,inter,NKI-RS-22-4,OASIS-TRT-20-11,syngs_sobolev,0.35,0.25,antithetic,0.5,0.3621321046417334,0.6142998698015127,0.634824041300893,0.5937756983021325,0.639398,0.5693892852376694,0.5317768875334202,2.509813019848728,1,0.0,0.0555108237238717,0.0,0.00763734181722,0.0458619371056556,0.0,0.1233583251014351,0.4238314777612686,0.0278570776572451,0.1882736925035715,0.0386824049055576,0.2593847215175628,2.092823028564453,5.615669012069702,145.92,119.68065595626832,1.2192446543184023,133.19469594955444
60,inter,OASIS-TRT-20-8,NKI-RS-22-15,syngs_sobolev,0.35,0.25,antithetic,0.5,0.3488183935578104,0.6254337720485574,0.5999128939492661,0.6509546501478488,0.638872,0.5725712813947564,0.602271971847878,1.343822795144256,1,0.0,0.040108128239601,0.0,0.0056648254394531,0.1035436615347862,0.0,0.1014095768332481,0.3764960952103138,0.0229921447462402,0.1656420268118381,0.0369275659322738,0.2494049221277237,1.7071820497512815,5.564253807067871,121.08,100.54566597938538,1.2042289324019668,112.72047519683838
61,inter,OASIS-TRT-20-8,NKI-RS-22-6,syngs_sobolev,0.35,0.25,antithetic,0.5,0.3481779925850713,0.5950636466167958,0.58521252390737,0.6049147693262216,0.6189609963591789,0.6203723742691971,0.6175496184491608,2.389734974238311,WIN,0.0,0.0650733917356792,0.0,0.0075626373291015,0.1129703149199485,0.0,0.1007527206093072,0.371417086571455,0.0234022589866071,0.1724284552037716,0.0348219648003578,0.2357056885957718,2.1533682346343994,5.4514689445495605,121.95,100.50693082809448,1.2133491590602985,112.49998426437378
62,inter,OASIS-TRT-20-5,MMRR-21-11,syngs_sobolev,0.35,0.25,antithetic,0.5,0.353292828499869,0.5996704205311721,0.590566275754778,0.6087745653075662,0.6146521348389038,0.6109383795532272,0.6183658901245803,1.4981714307731653,WIN,0.0,0.0774143954515869,0.0,0.0086498260498046,0.1040856540203094,0.0,0.1216159658506512,0.4322536177933216,0.0281135775148868,0.1882568355649709,0.0380949489772319,0.234460711479187,1.8327763080596924,5.446019172668457,125.71,100.43458890914916,1.2516604226230703,112.3728380203247
63,inter,OASIS-TRT-20-15,NKI-TRT-20-6,syngs_sobolev,0.35,0.25,antithetic,0.5,0.3330198449648404,0.6162065192740187,0.6110493620452206,0.6213636765028169,0.6015858017000446,0.6024603163903971,0.600711287009692,-1.4620717573974096,LOSS,0.0,0.0471060695456881,0.0,0.004730224609375,0.0797533467411995,0.0,0.0981016252189874,0.3396041430532932,0.0231684853788465,0.1516597806476056,0.0322863012552261,0.226662591099739,1.73357093334198,5.224329948425293,122.02,100.30770707130432,1.216456876172649,112.0848970413208
64,inter,NKI-RS-22-9,OASIS-TRT-20-15,syngs_sobolev,0.35,0.25,antithetic,0.5,0.3611189151821456,0.6418670635238515,0.6680988016552473,0.6156353253924558,0.6539629648459513,0.667279197254837,0.6406467324370656,1.2095901322099811,WIN,0.0,0.0273031178828762,0.0,0.0025431315104166,0.1061820462346077,0.0,0.0812998097389936,0.2427840232849121,0.0195313409203663,0.1023742705583572,0.0251938644796609,0.1900418698787689,1.9434574842453003,5.632346153259277,138.79,119.26129007339478,1.1637472637985635,132.79336285591123
65,inter,OASIS-TRT-20-20,NKI-RS-22-7,syngs_sobolev,0.35,0.25,antithetic,0.5,0.3472373666599914,0.6000972937625605,0.583569385087031,0.6166252024380899,0.612799,0.56923275569864,0.5630065963678299,1.2701706237439492,1,0.0,0.1069160165629218,0.0,0.0110721588134765,0.1121201664209365,0.0,0.1068781726062297,0.3823045827448368,0.0246812215773388,0.172564476262778,0.0351267270743846,0.2449281066656112,1.7846604585647583,5.602306127548218,121.19,100.63099193572998,1.2043009580726427,112.74093127250671
66,inter,MMRR-21-2,OASIS-TRT-20-14,syngs_sobolev,0.35,0.25,antithetic,0.5,0.3542617130244167,0.6302449308560901,0.6247328147877829,0.6357570469243974,0.6523799469755602,0.654757347760907,0.6500025461902135,2.213501611947011,WIN,0.0,0.0515023680737079,0.0,0.0032222972196691,0.0989384949207305,0.0,0.0875349906273186,0.2793916873633861,0.0190923232585191,0.1106976952869445,0.0270193796604871,0.1939472407102584,1.907365560531616,4.783953905105591,124.93,109.61234211921692,1.1397439155539917,121.39330220222472
67,inter,OASIS-TRT-20-17,NKI-RS-22-22,syngs_sobolev,0.35,0.25,antithetic,0.5,0.3439728293378673,0.6151526104757941,0.5956727509733512,0.6346324699782369,0.6319349388025806,0.6226040037643678,0.6412658738407934,1.67823283267865,WIN,0.0,0.0672200140285246,0.0,0.0089740753173828,0.083930917084217,0.0,0.1384611576795578,0.426626019179821,0.0295652210479602,0.1839951137080788,0.0378308780491352,0.2340535521507263,1.9491279125213623,6.250526189804077,130.72,100.43026399612428,1.3015996851809994,113.23191237449646
68,inter,NKI-RS-22-7,OASIS-TRT-20-11,syngs_sobolev,0.35,0.25,antithetic,0.5,0.3214804897077716,0.6073754101188661,0.6277636560786952,0.586987164159037,0.610131,0.5657387945142751,0.5596736460410817,0.2755589881133891,1,0.0,0.0491423042577886,0.0,0.0050624211629231,0.0996985435485839,0.0,0.106732222251594,0.3807106949388981,0.0246783882612362,0.1660872362554073,0.0345323719084262,0.2389692962169647,1.921190619468689,6.006341934204102,143.97,119.50534176826476,1.2047160224785194,133.39084219932556
69,inter,OASIS-TRT-20-2,MMRR-21-18,syngs_sobolev,0.35,0.25,antithetic,0.5,0.3314611632005924,0.6203682256319474,0.6057648110664708,0.6349716401974239,0.6197947201488123,0.6121906481768876,0.627398792120737,-0.0573505483135061,LOSS,0.0,0.0775543504343235,0.0,0.0086307525634765,0.1017346680164337,0.0,0.1331574991345405,0.4470612220466137,0.030217449995689,0.1910276105627417,0.0383092351257801,0.2403106838464737,1.893783450126648,5.846719980239868,126.43,100.42771005630492,1.2589154918410153,112.75578093528748
70,inter,NKI-TRT-20-4,NKI-RS-22-22,syngs_sobolev,0.35,0.25,antithetic,0.5,0.3898213586188748,0.6516701569635075,0.661971316711059,0.641368997215956,0.6702382306823969,0.6807984157135704,0.6596780456512232,1.8568073718889355,WIN,0.0,0.0942974373174624,0.0,0.0078519185384114,0.1207594946026802,0.0,0.0865221209824085,0.3258348070085048,0.019520029076375,0.1427346204873174,0.0300831999629735,0.2118103206157684,2.022343635559082,6.25810694694519,142.72,119.39090585708618,1.1954009308785989,133.4144241809845
71,inter,NKI-TRT-20-3,NKI-RS-22-22,syngs_sobolev,0.35,0.25,antithetic,0.5,0.3618774283693795,0.6033246344518866,0.6096697076498275,0.5969795612539455,0.6214161865436989,0.6309942305216151,0.6118381425657827,1.8091552091812344,WIN,0.0,0.0798316468352641,0.0,0.005658467610677,0.1133470386266708,0.0,0.065002862829715,0.2362852450460195,0.0163416513823904,0.1068820254877209,0.0232862662523984,0.1787341088056564,2.189851760864258,5.324580669403076,136.67,119.38098978996275,1.1448221382688757,132.48982501029968
72,inter,NKI-TRT-20-15,NKI-RS-22-9,syngs_sobolev,0.35,0.25,antithetic,0.5,0.4210437907318665,0.6848889558599157,0.6914583093643755,0.678319602355456,0.7109531457725745,0.7174935124202659,0.7044127791248831,2.6064189912658797,WIN,0.0,0.0464619044648599,0.0,0.0032424926757812,0.1176115423440933,0.0,0.0682050036266446,0.2548139449208975,0.0173593314248137,0.1131395041011273,0.0246418882161378,0.1841273456811905,1.622081637382507,5.4611780643463135,137.29,119.48318815231325,1.149031944351763,132.8547167778015
73,inter,NKI-TRT-20-3,OASIS-TRT-20-1,syngs_sobolev,0.35,0.25,antithetic,0.5,0.3482964010847005,0.632223736774611,0.6426454548494301,0.6218020186997918,0.6419022944568481,0.6525374308476438,0.6312671580660524,0.9678557682237132,WIN,0.0,0.058630455380653,0.0,0.0042041142781575,0.1028891056776046,0.0,0.0626208684407174,0.2605108730494976,0.0154837566369678,0.1128006144426763,0.025412606075406,0.1900798827409744,1.8520196676254272,5.150030851364136,133.89,119.41363716125488,1.121228723811472,132.3702781200409
74,inter,NKI-TRT-20-7,NKI-RS-22-9,syngs_sobolev,0.35,0.25,antithetic,0.5,0.3906253302790778,0.6337500548582072,0.639480742704473,0.6280193670119415,0.6579443667448467,0.6623454573271547,0.6535432761625387,2.4194311886639452,WIN,0.0,0.0707649081204297,0.0,0.0057140986124674,0.1209979280829429,0.0,0.0754635096527636,0.2774410638958215,0.0185092262690886,0.1247284580022096,0.0263733323663473,0.1960641741752624,1.8827804327011108,5.724695920944214,139.23,119.24274921417236,1.167618164773511,132.74789786338806
75,inter,NKI-TRT-20-3,OASIS-TRT-20-8,syngs_sobolev,0.35,0.25,antithetic,0.5,0.3588912596087611,0.6392641333118781,0.6767613748673926,0.6017668917563637,0.6436359916522962,0.6717252491147759,0.6155467341898165,0.4371858340418089,WIN,0.0,0.0447580708486234,0.0,0.003210703531901,0.1003914922475814,0.0,0.071731355972588,0.231366166844964,0.0178106772655155,0.1018232146743685,0.0236860197037458,0.1826975494623184,1.8249659538269043,5.471118927001953,144.55,119.31549215316772,1.2114939761086367,132.6263439655304
76,inter,NKI-RS-22-4,MMRR-21-8,syngs_sobolev,0.35,0.25,antithetic,0.5,0.3607820666401393,0.5913829008586909,0.6016658858752985,0.5810999158420834,0.599511,0.5503187250422356,0.531036071462594,0.8128099141309075,1,0.0,0.0567522798454919,0.0,0.0072002410888671,0.0512445978820323,0.0,0.1308509968221187,0.4584495648741722,0.0288366520544514,0.2006377456709742,0.0419042706489563,0.271554946899414,1.6877838373184204,6.395551919937134,150.5,119.56286406517027,1.2587520479433043,133.5905249118805
77,inter,OASIS-TRT-20-5,MMRR-21-8,syngs_sobolev,0.35,0.25,antithetic,0.5,0.3261889779218124,0.6000235201806878,0.5993039847388818,0.6007430556224937,0.6041421648077787,0.5894775737102581,0.6188067559052992,0.4118644627090884,WIN,0.0,0.0391604436008027,0.0,0.0051498413085937,0.1077544465661048,0.0,0.1352608632296323,0.4378142841160297,0.0316224962007254,0.1843579495325684,0.0406826958060264,0.249590054154396,1.7992401123046875,5.372377872467041,123.71,100.31505513191225,1.2332146938196256,112.26382303237916
78,inter,NKI-RS-22-2,OASIS-TRT-20-14,syngs_sobolev,0.35,0.25,antithetic,0.5,0.3513525069400843,0.6167431479521195,0.6599967096408349,0.573489586263404,0.6485564103675705,0.6851411243634796,0.6119716963716615,3.1813262415451016,WIN,0.0,0.0303038118326713,0.0,0.002455711364746,0.0753580778837204,0.0,0.0788838984444737,0.2857522070407867,0.0183491121279075,0.1220668151509016,0.0267639309167861,0.194797083735466,1.5424888134002686,5.486751079559326,137.46,119.6902720928192,1.1484642619360117,133.03741788864136
79,inter,NKI-TRT-20-14,NKI-RS-22-22,syngs_sobolev,0.35,0.25,antithetic,0.5,0.3468914294868621,0.6367852609571656,0.6426990200192423,0.6308715018950889,0.6503497083987532,0.6586886370885824,0.642010779708924,1.356444744158758,WIN,0.0,0.0686194985270104,0.0,0.0056823094685872,0.1339417695999145,0.0,0.0889047468081116,0.3114596102386713,0.0212545920512639,0.1334774792194366,0.0282214730978012,0.2017906010150909,1.9198479652404783,5.884721994400024,146.55,119.7825677394867,1.2234668430111584,133.43764233589172
80,inter,MMRR-21-4,NKI-RS-22-15,syngs_sobolev,0.35,0.25,antithetic,0.5,0.3658937233124327,0.6196114021237314,0.5923099129128224,0.6469128913346405,0.6536114072014093,0.6388423117884692,0.6683805026143494,3.4000005077677864,WIN,0.0,0.0326260218936143,0.0,0.0025491153492647,0.1120664030313491,0.0,0.078329280950129,0.238440902903676,0.017644859442953,0.0960690847132355,0.0252007842063903,0.1890552788972854,1.6321834325790403,4.829535961151123,144.31,109.52393198013306,1.3176115702838072,121.36913204193117
81,inter,NKI-TRT-20-3,MMRR-21-8,syngs_sobolev,0.35,0.25,antithetic,0.5,0.3635539516538826,0.592150898362685,0.60838191722944,0.5759198794959299,0.6227157583964043,0.6200392666162997,0.6253922501765087,3.0564860033719277,WIN,0.0,0.0607244002156763,0.0,0.0042915344238281,0.1197713166475296,0.0,0.0710171377286315,0.2449758294969797,0.0184251088649034,0.1099151282105594,0.0247855391353368,0.188795119524002,1.7409782409667969,4.968355178833008,148.69,119.04909586906432,1.2489805060219532,131.81449794769287
82,inter,OASIS-TRT-20-19,MMRR-21-11,syngs_sobolev,0.35,0.25,antithetic,0.5,0.3702976798828682,0.5985746293824987,0.6032138942001586,0.593935364564839,0.6257535621431797,0.6336266107595186,0.6178805135268407,2.717893276068095,WIN,0.0,0.0989565449620388,0.0,0.0081062316894531,0.06977329403162,0.0,0.0955607602372765,0.3213770389556885,0.0239275755011476,0.1449938365258276,0.0293897744268178,0.2051824480295181,2.6011438369750977,6.07554030418396,123.3,100.32835507392883,1.2289646322731402,112.90052390098572
83,inter,NKI-TRT-20-6,NKI-RS-22-20,syngs_sobolev,0.35,0.25,antithetic,0.5,0.370261138400126,0.6500143163657828,0.6293034245611492,0.6707252081704165,0.6648725868468637,0.6556523747161253,0.6740927989776021,1.4858270481080904,WIN,0.0,0.0543342643945553,0.0,0.0051259994506835,0.1035119667649269,0.0,0.093813250772655,0.355946235358715,0.0214355966309085,0.1524010037537664,0.0324722677469253,0.22532320022583,1.8581202030181885,5.965911865234375,148.49,119.3126277923584,1.2445455501861835,133.07592487335205
84,inter,MMRR-21-11,NKI-RS-22-1,syngs_sobolev,0.35,0.25,antithetic,0.5,0.3484312377912656,0.5800978384068433,0.5775408059364324,0.5826548708772541,0.6129161763790885,0.623856603894098,0.601975748864079,3.2818337972245204,WIN,0.0,0.0412431582321095,0.0,0.0035992790670955,0.1382491737604141,0.0,0.0801627486944198,0.3011210355907678,0.0170002535451203,0.1203209843952208,0.0287476200610399,0.2046563178300857,1.6921992301940918,5.430208921432495,121.22,109.77347302436829,1.1042740715062438,122.15079808235168
85,inter,NKI-RS-22-21,MMRR-21-11,syngs_sobolev,0.35,0.25,antithetic,0.5,0.3541725211917788,0.5935631366288963,0.6033226097589166,0.5838036634988759,0.624225463524994,0.6326046209789375,0.6158463060710505,3.0662326896097714,WIN,0.0,0.0901399745032643,0.0,0.0063021977742513,0.1000279709696769,0.0,0.0877139680087566,0.3095849379897117,0.0213674326078034,0.1343062054365873,0.0271127913147211,0.1986887454986572,2.0608208179473877,5.592864990234375,141.04,119.1652808189392,1.183566211825552,132.5317759513855
86,inter,NKI-RS-22-7,NKI-TRT-20-10,syngs_sobolev,0.35,0.25,antithetic,0.5,0.3314856996320107,0.6187160941010109,0.6122288731489911,0.6252033150530307,0.6310784806709719,0.6246521554831526,0.6375048058587913,1.2362386569961026,WIN,0.0,0.0722793424491989,0.0,0.0066439310709635,0.1291466802358627,0.0,0.101611690595746,0.3691840283572674,0.0209709352347999,0.1565524633042514,0.0314711779356002,0.2157581448554992,2.125607490539551,6.225110054016113,137.17,119.42854189872742,1.1485529155695202,133.52428102493286
87,inter,NKI-TRT-20-19,MMRR-21-12,syngs_sobolev,0.35,0.25,antithetic,0.5,0.3784164497170729,0.6399152998399958,0.6654770333439017,0.61435356633609,0.6573504273374944,0.6805675430374233,0.6341333116375656,1.7435127497498537,WIN,0.0,0.0533175224387125,0.0,0.0036875406901041,0.0685523599386215,0.0,0.0912998262792825,0.2843956090509891,0.0213877239148132,0.1202793922275304,0.0273282919079065,0.1992163509130478,1.5954076051712036,6.143161773681641,148.47,118.99792695045473,1.2476687939430753,132.87572598457336
88,inter,MMRR-21-10,NKI-RS-22-1,syngs_sobolev,0.35,0.25,antithetic,0.5,0.3600276475279677,0.5871940233895316,0.5799072519608626,0.5944807948182006,0.6108784384081901,0.6145335499276003,0.6072233268887799,2.368441501865848,WIN,0.0,0.0697671851369401,0.0,0.0070998247931985,0.0720545202493667,0.0,0.0974538354203105,0.33095308765769,0.0204918826348148,0.1344233530107885,0.031940933316946,0.2237144708633422,2.3600172996520996,6.262822151184082,125.08,109.75318193435668,1.1396480520702377,123.02095794677734
89,inter,NKI-TRT-20-10,NKI-RS-22-2,syngs_sobolev,0.35,0.25,antithetic,0.5,0.3802014488625819,0.6551820088403412,0.6476782457987714,0.6626857718819109,0.6870936532834753,0.6795184359904977,0.694668870576453,3.19116444431341,WIN,0.0,0.0505792055627304,0.0,0.0046571095784505,0.1222704425454139,0.0,0.0699765011668205,0.2583585102111101,0.0159004314336925,0.1146713031921535,0.0243775080889463,0.1824376136064529,1.6220474243164062,6.030456066131592,134.36,119.49017119407654,1.1244439492999958,133.37032103538513
