pair,type,subject1,subject2,flow_sigma,boot_mode,w_orig,dice_affine,dice_ants,dice_ants_fixed,dice_ants_moving,dice_syntx,dice_syntx_fixed,dice_syntx_moving,dice_gain_pct,win,fold_brain_ants_pct,fold_brain_syntx_pct,fold_whole_ants_pct,fold_whole_syntx_pct,min_jac_brain_ants,min_jac_brain_syntx,harm_ants,harm_syntx,bend_ants,bend_syntx,time_affine_s,time_ants_s,time_syntx_s,speedup,time_total_s
0,intra,OASIS-TRT-20-17,OASIS-TRT-20-16,5.0,antithetic,0.5,0.3769466197541741,0.6347918210317781,0.6130113198207883,0.656572322242768,0.6426516063008891,0.6262630565427472,0.659040156059031,0.7859785269111019,WIN,0.0,0.0,0.0,0.0,0.0842946544289588,0.0626631081104278,0.1310706054791808,0.1648874599486589,0.0309670058195479,0.0459546748315915,5.1718950271606445,118.6276319026947,89.49854016304016,1.3254700209253676,219.84530425071716
1,intra,NKI-RS-22-13,NKI-RS-22-15,5.0,antithetic,0.5,0.332080042385404,0.6320856272817414,0.6449510956663738,0.6192201588971092,0.6544124533078153,0.6660826592934098,0.6427422473222206,2.232682602607383,WIN,0.0,0.0,0.0,0.0,0.1118344739079475,0.0590721443295478,0.0802067117765545,0.1146788196638226,0.018896497611422,0.0333891973132267,5.03508186340332,135.09704208374023,52.340402126312256,2.5811235029817445,199.60423111915588
2,intra,NKI-TRT-20-10,NKI-TRT-20-4,5.0,antithetic,0.5,0.3636640505444702,0.6673194218776082,0.6604575481199768,0.6741812956352394,0.684495376870984,0.677695839335055,0.6912949144069132,1.7175954993375877,WIN,0.0,0.0,0.0,0.0,0.1494723111391067,0.080558180809021,0.0774515634402632,0.1145484186708927,0.0186370050651021,0.0349568044766783,5.763479948043823,119.13314604759216,53.71300196647644,2.217957322920547,185.41352772712708
3,intra,NKI-TRT-20-8,NKI-TRT-20-15,5.0,antithetic,0.5,0.3739148357335029,0.6649581924420076,0.6554404472838001,0.6744759376002152,0.6787616777510439,0.6679602839501335,0.6895630715519544,1.38034853090363,WIN,0.0,0.0,0.0,0.0,0.1536552459001541,0.0238412786275148,0.0872009107843041,0.1163937291130423,0.0198795158648863,0.0318007038440555,5.774800777435303,125.36400890350342,80.89012408256531,1.549806114471319,219.29898190498352
4,intra,OASIS-TRT-20-12,OASIS-TRT-20-1,5.0,antithetic,0.5,0.345480221873719,0.6186230557895285,0.6100722202013944,0.6271738913776627,0.6184794287358721,0.6129144595952642,0.62404439787648,-0.0143627053656336,LOSS,0.0,0.0,0.0,0.0,0.0738792195916175,0.018866503611207,0.1175412675365805,0.151705970056355,0.0271358648315072,0.0409969420870766,5.141324996948242,124.45967698097228,89.82184886932373,1.3856280910231653,225.8535590171814
5,intra,NKI-TRT-20-20,NKI-TRT-20-11,5.0,antithetic,0.5,0.3167846516249361,0.6060831753041636,0.5966593103990088,0.6155070402093182,0.6131819663013196,0.6116907617500374,0.6146731708526019,0.7098790997156046,WIN,0.0,0.0,0.0,0.0,0.1069656014442443,0.0452922172844409,0.0986735764890909,0.1346791721880436,0.0220333627657964,0.0354599193087779,5.582207918167114,128.85138607025146,81.51512789726257,1.5807051941652972,223.6350178718567
6,intra,MMRR-21-17,MMRR-21-3,5.0,antithetic,0.5,0.3168008102169843,0.574291076283261,0.5503741953636466,0.5982079572028755,0.6199278946666553,0.5939485427860546,0.6459072465472562,4.563681838339429,WIN,0.0,0.0,0.0,0.0,0.1166319698095321,0.0549479089677333,0.0910350466147065,0.1292133834213018,0.0196748453308828,0.0339940540725365,6.737063884735107,107.74898290634157,49.58472299575806,2.173027827856564,170.81452703475952
7,intra,MMRR-21-12,MMRR-21-20,5.0,antithetic,0.5,0.3205012428936655,0.6024304293750969,0.5808942500984994,0.6239666086516945,0.6155052955459016,0.5955491820920432,0.63546140899976,1.3074866170804669,WIN,0.0,0.0,0.0,0.0,0.1072097644209861,0.0691564977169036,0.0596607448533177,0.0858083665370941,0.0135556462046224,0.025233022053726,5.110311985015869,107.1279911994934,45.18555402755737,2.370846026014401,163.5503489971161
8,intra,MMRR-21-8,MMRR-21-14,5.0,antithetic,0.5,0.3749835542074228,0.6133829099147647,0.6285391563175557,0.5982266635119737,0.6214882344281616,0.6388466544404734,0.6041298144158497,0.810532451339685,WIN,0.0,0.0,0.0,0.0,0.1274856179952621,0.0449997521936893,0.0686970772221684,0.0913241175003349,0.0156895625405013,0.0245712578180246,5.252495050430298,122.04620599746704,44.449811935424805,2.745708039772399,178.17735815048218
9,intra,OASIS-TRT-20-3,OASIS-TRT-20-10,5.0,antithetic,0.5,0.3453358856006565,0.6335273063473653,0.6274869230597515,0.6395676896349791,0.6421294944546792,0.6378648628079544,0.646394126101404,0.8602188107313835,WIN,0.0,0.0,0.0,0.0,0.1158662587404251,0.0646633580327034,0.1091481428593397,0.1458085104823112,0.0261798512656241,0.0417086132802069,5.53777003288269,114.71889305114746,89.8616509437561,1.276616797558609,216.5471358299255
10,intra,NKI-TRT-20-11,NKI-TRT-20-10,5.0,antithetic,0.5,0.3489304993239782,0.5960126743553461,0.5976002330056611,0.5944251157050311,0.6248888747113348,0.618863975571109,0.6309137738515608,2.88762003559887,WIN,0.0,0.0,0.0,0.0,0.0647430345416069,0.0627910643815994,0.097735553048551,0.1310724401846528,0.0214336906792595,0.0338366754585877,5.6492838859558105,128.12387704849243,81.59558391571045,1.5702305308685145,222.80114316940308
11,intra,NKI-RS-22-17,NKI-RS-22-1,5.0,antithetic,0.5,0.3520944364187396,0.613130817265102,0.6233897347698268,0.6028718997603773,0.6215721927409312,0.6321956567001382,0.6109487287817241,0.8441375475829238,WIN,0.0,0.0,0.0,0.0,0.1117006167769432,0.0469396710395813,0.0949683813378214,0.1291405437514186,0.0217045762110501,0.0330822961404919,5.756650924682617,124.91007590293884,55.738197803497314,2.2410138975663347,193.65661001205444
12,intra,MMRR-21-9,MMRR-21-2,5.0,antithetic,0.5,0.341311139184948,0.5993661094281304,0.6186268055769211,0.5801054132793396,0.6097838290917112,0.6283329616226618,0.5912346965607608,1.0417719663580849,WIN,0.0,0.0,0.0,0.0,0.0943551734089851,0.0480702221393585,0.0782447173260152,0.1140302782878279,0.018341426650295,0.0332265582401305,5.060046911239624,112.04527807235718,49.03123688697815,2.2851815533561313,172.67459893226624
13,intra,OASIS-TRT-20-7,OASIS-TRT-20-15,5.0,antithetic,0.5,0.3292625709102228,0.6196579333303512,0.6134829876153335,0.625832879045369,0.634700409902466,0.6294104331489679,0.6399903866559642,1.5042476572114771,WIN,0.0,0.0,0.0,0.0,0.0961697772145271,0.0450102835893631,0.1359762158244848,0.1694476893171668,0.0308046749560162,0.0437719756737351,5.363687038421631,114.94142413139345,91.6694712638855,1.2538680822158974,218.93471384048465
14,intra,NKI-RS-22-21,NKI-RS-22-2,5.0,antithetic,0.5,0.3682687793729973,0.6197614772094535,0.6202209648354077,0.6193019895834992,0.6378613147709128,0.6404895425478332,0.6352330869939924,1.8099837561459275,WIN,0.0,0.0,0.0,0.0,0.1365629136562347,0.0586013235151767,0.0812537558376789,0.1136423731222748,0.0197000860935077,0.0329255493124946,6.239067077636719,143.48509287834167,53.93750882148743,2.660209861623802,211.8254520893097
15,intra,NKI-TRT-20-16,NKI-TRT-20-18,5.0,antithetic,0.5,0.3695913957684555,0.6183377348755741,0.6014954152743827,0.6351800544767655,0.6502555062260003,0.6216780696963249,0.6788329427556757,3.191777135042617,WIN,0.0,0.0,0.0,0.0,0.0703765079379081,0.0470235422253608,0.1183833740651607,0.148053279146552,0.0253643593750894,0.0357481512473896,6.82911491394043,133.69861006736755,82.81348609924316,1.614454557644681,231.5366849899292
16,intra,OASIS-TRT-20-15,OASIS-TRT-20-16,5.0,antithetic,0.5,0.3561537578387732,0.6136519535338059,0.608313201313841,0.6189907057537707,0.625977910602061,0.6271141796264014,0.6248416415777206,1.2325957068255122,WIN,0.0,0.0,0.0,0.0,0.110480822622776,0.0575824491679668,0.0940415514633059,0.1416708612814545,0.0226237248280085,0.0435850591165944,4.9592530727386475,107.57006788253784,87.33051204681396,1.2317581262419983,206.70222997665405
17,intra,NKI-RS-22-12,NKI-RS-22-2,5.0,antithetic,0.5,0.3991744542054311,0.6700209539754598,0.6524721918832806,0.687569716067639,0.6828269690661435,0.6698625127778393,0.6957914253544478,1.280601509068369,WIN,0.0,0.0,0.0,0.0,0.1561707407236099,0.0477657243609428,0.0813329764641821,0.11676353123039,0.019137003517244,0.0321841926779598,6.23553466796875,122.08008217811584,82.8127121925354,1.474170799940543,219.17633199691772
18,intra,OASIS-TRT-20-6,OASIS-TRT-20-1,5.0,antithetic,0.5,0.3511334949012786,0.5986874342217449,0.5870771244507584,0.6102977439927313,0.6237495705669174,0.6015325197961342,0.6459666213377004,2.506213634517251,WIN,0.0,0.0,0.0,0.0,0.0637055411934852,0.0417771637439727,0.1364946262910962,0.1679798560217023,0.032315065851435,0.0433953352039679,5.376293897628784,111.2073769569397,91.5034339427948,1.215335558078216,215.1757369041443
19,intra,OASIS-TRT-20-11,OASIS-TRT-20-8,5.0,antithetic,0.5,0.3728630013452206,0.6385632342217765,0.6455850894305092,0.6315413790130439,0.6469833021648894,0.6568627711356051,0.6371038331941736,0.8420067943112897,WIN,0.0,0.0,0.0,0.0,0.0975290164351463,0.0272928792983293,0.1079067001119256,0.1466587400063872,0.0243292888626456,0.0402031344128772,5.599976062774658,116.76408910751344,90.64164090156557,1.288194784936828,220.17838406562805
20,intra,MMRR-21-20,MMRR-21-17,5.0,antithetic,0.5,0.3111122867180532,0.5673264096286368,0.6026393766503405,0.532013442606933,0.5980393053644472,0.6373511384390317,0.5587274722898626,3.0712895735810375,WIN,0.0,0.0,0.0,0.0,0.1027640178799629,0.0522762387990951,0.1038470389321446,0.1358368759974837,0.0214219963527284,0.0337923610350117,5.287720203399658,116.59012126922607,50.17039084434509,2.3238830574581306,179.1745228767395
21,intra,NKI-TRT-20-7,NKI-TRT-20-18,5.0,antithetic,0.5,0.3542500634761288,0.6298658956025137,0.6252995345237848,0.6344322566812426,0.6419537867199417,0.637705644147356,0.6462019292925275,1.208789111742803,WIN,0.0,0.0,0.0,0.0,0.1000435426831245,0.0165228303521871,0.0833340743556618,0.1168831121176481,0.0191710375074762,0.0322704243008047,5.18497896194458,124.17412114143372,56.74424409866333,2.1883121911982393,194.68047404289248
22,intra,NKI-RS-22-22,NKI-RS-22-6,5.0,antithetic,0.5,0.3764082857615571,0.6386033788295,0.6507332531989453,0.6264735044600548,0.6490068886332911,0.6607465293051039,0.6372672479614783,1.0403509803791122,WIN,0.0,0.0,0.0,0.0,0.1180572658777237,0.0382728017866611,0.0753285558894276,0.104934393428266,0.0181822199956513,0.0324984758626669,5.779362916946411,145.624746799469,54.8554790019989,2.654698299037048,213.8258981704712
23,intra,NKI-RS-22-19,NKI-RS-22-17,5.0,antithetic,0.5,0.344742042761095,0.6263731054944792,0.6160208342853314,0.6367253767036272,0.6437879214802922,0.6352057147909179,0.6523701281696664,1.741481598581296,WIN,0.0,0.0,0.0,0.0,0.1028015911579132,0.0753854289650917,0.0859774239361286,0.1143937995657324,0.0209577139467,0.032357410644181,5.354570627212524,124.56697821617126,54.80379390716553,2.2729626789557775,192.64591479301453
24,intra,MMRR-21-14,MMRR-21-2,5.0,antithetic,0.5,0.3286933654571246,0.5924333829059872,0.6160925479259552,0.5687742178860192,0.6108283369408525,0.633955512684581,0.587701161197124,1.839495403486524,WIN,0.0,0.0,0.0,0.0,0.1530781984329223,0.0297439768910408,0.0817855196073651,0.1207439517602324,0.0185011706780642,0.034092724439688,5.032402276992798,116.17529916763306,51.26640629768371,2.2661096721515666,179.47512912750244
25,intra,NKI-TRT-20-11,NKI-TRT-20-16,5.0,antithetic,0.5,0.3432729267645917,0.6191899603624968,0.6286111924641462,0.6097687282608475,0.6372626840576066,0.6487770346661207,0.6257483334490924,1.8072723695109705,WIN,0.0,0.0,0.0,0.0,0.1420919746160507,0.0506692752242088,0.0880258698016405,0.1349431499838829,0.0190337843960151,0.0364537824643775,6.074921131134033,123.57626223564148,101.1625919342041,1.2215608543918604,238.76628994941711
26,intra,NKI-RS-22-8,NKI-RS-22-5,5.0,antithetic,0.5,0.38160049696584675,0.6600032901023252,0.6493751715571245,0.6706314086475257,0.6673165386695543,0.6592278065712661,0.6754052707678424,0.7313248567229147,WIN,0.0,0.0,0.0,0.0,0.11886686831712723,0.06694713234901428,0.09154642932116985,0.12160428706556559,0.02031710121082142,0.0321520616998896,6.904652118682861,129.5960078239441,54.27394986152649,2.387812351129646,198.23436188697815
27,intra,NKI-TRT-20-7,NKI-TRT-20-12,5.0,antithetic,0.5,0.35622981654502595,0.6217866422456897,0.6243733579529057,0.6191999265384736,0.6321161303775439,0.6388334087360046,0.6253988520190832,1.0329488131854192,WIN,0.0,0.0,0.0,0.0,0.10363075137138367,0.04336440563201904,0.084359560161829,0.11317350994795561,0.019655698008136824,0.030820063315331936,6.691153049468994,126.64300870895386,53.796366930007935,2.354118241362348,194.40167784690857
28,intra,NKI-RS-22-11,NKI-RS-22-20,5.0,antithetic,0.5,0.3768086001501613,0.6439353107910795,0.6368104377059008,0.6510601838762582,0.6448720234944705,0.6407735393462579,0.6489705076426832,0.09367127033910183,WIN,0.0,0.0,0.0,0.0,0.11378929018974304,0.07747651636600494,0.08286785800009966,0.10790170077234507,0.020347098005004227,0.03196813294198364,5.481323003768921,124.68626999855042,53.33370018005371,2.3378514818512794,190.77436208724976
29,intra,OASIS-TRT-20-1,OASIS-TRT-20-11,5.0,antithetic,0.5,0.31555139009699296,0.6307726305294103,0.6292897811963121,0.6322554798625086,0.6367914022477839,0.63582018098573,0.6377626235098377,0.6018771718373506,WIN,0.0,0.0,0.0,0.0,0.08994726836681366,0.04553317278623581,0.13141677156090736,0.16506418492645025,0.029796935501508415,0.04340696369763464,5.427434921264648,112.13373184204102,89.48175311088562,1.2531463448540745,213.6024031639099
30,intra,MMRR-21-2,MMRR-21-15,5.0,antithetic,0.5,0.3276556969259964,0.5953972213460508,0.5816229438444145,0.6091714988476871,0.6026486999512932,0.5905144869849493,0.6147829129176371,0.7251478605242445,WIN,0.0,0.0,0.0,0.0,0.09581911563873291,0.03565020114183426,0.09139103069901466,0.12769180722534657,0.020183084503514692,0.0330678898608312,5.505582094192505,111.97985315322876,74.29868602752686,1.5071579208243526,198.49408411979675
31,intra,NKI-RS-22-19,NKI-RS-22-12,5.0,antithetic,0.5,0.370042379692304,0.6274221425036741,0.6241032409795584,0.63074104402779,0.6366071270701399,0.6395814773304959,0.633632776809784,0.918498456646577,WIN,0.0,0.0,0.0,0.0,0.15241268277168274,0.0705588310956955,0.07822020538151264,0.1161167100071907,0.018390337994787842,0.03340017731534317,6.231815814971924,121.43655180931091,53.62624502182007,2.264498507398745,188.96473717689514
32,intra,NKI-TRT-20-9,NKI-TRT-20-2,5.0,antithetic,0.5,0.34164090620435955,0.6096230003063144,0.6121998172328614,0.6070461833797675,0.6141340768787249,0.6187696465194044,0.6094985072380453,0.4511076572410455,WIN,0.0,0.0,0.0,0.0,0.11506158113479614,0.07319966703653336,0.0897233160212636,0.1257812725380063,0.020527564163785428,0.03611837013158947,5.437219858169556,136.53956294059753,98.97474002838135,1.379539495647519,248.68446516990662
33,intra,MMRR-21-6,MMRR-21-16,5.0,antithetic,0.5,0.34838215635239855,0.61130815000421,0.6111586353928529,0.6114576646155672,0.6275240301484202,0.6310193534586839,0.6240287068381565,1.621588014421016,WIN,0.0,0.0,0.0,0.0,0.0739143043756485,0.0359472781419754,0.08504923433065414,0.11873917933553457,0.0186714039882645,0.03219776041805744,4.911622047424316,111.9831268787384,50.230260133743286,2.229395718448833,173.88863492012024
34,intra,OASIS-TRT-20-16,OASIS-TRT-20-13,5.0,antithetic,0.5,0.361860112996671,0.6413194644986735,0.6322262597008763,0.6504126692964706,0.6473638282203865,0.6392277165598879,0.6554999398808852,0.604436372171302,WIN,0.0,0.0,0.0,0.0,0.08536919206380844,0.04056711494922638,0.10585789941251278,0.14716350845992565,0.025619857013225555,0.04061182390432805,5.321159839630127,110.26933598518372,89.93784666061401,1.2260615533891068,212.3241319656372
35,intra,MMRR-21-14,MMRR-21-3,5.0,antithetic,0.5,0.3521058876610409,0.6031776792763679,0.6038757153523022,0.6024796432004336,0.6129632013729965,0.6142500353140754,0.6116763674319177,0.978552209662864,WIN,0.0,0.0,0.0,0.0,0.12243031710386276,0.04676437750458717,0.08148550149053335,0.11450639925897121,0.017923800798598677,0.031101925298571587,5.557900905609131,110.35189127922058,74.24804663658142,1.486259858381932,197.1529200077057
36,intra,OASIS-TRT-20-12,OASIS-TRT-20-7,5.0,antithetic,0.5,0.3583936438591822,0.6134697891425975,0.6042578852609637,0.6226816930242313,0.6332917351105624,0.6260291653991573,0.6405543048219674,1.9821945967964827,WIN,0.0,0.0,0.0,0.0,0.09851374477148056,0.016784515231847763,0.10734559316188097,0.14834189042448997,0.026071326807141304,0.04285959294065833,5.750432968139648,113.32973313331604,89.59679412841797,1.2648860289675314,215.48856592178345
37,intra,NKI-TRT-20-2,NKI-TRT-20-17,5.0,antithetic,0.5,0.3711511908673779,0.6218622443821602,0.602720135608162,0.6410043531561586,0.6286694156157657,0.6089639899303664,0.648374841301165,0.6807171233605525,WIN,0.0,0.0,0.0,0.0,0.10814584046602249,0.012095693498849869,0.10442408919334412,0.1358922515064478,0.024220620340202004,0.03433640592265874,6.299437999725342,127.19327807426453,82.41121172904968,1.5433977417107836,223.89680814743042
38,intra,NKI-RS-22-14,NKI-RS-22-21,5.0,antithetic,0.5,0.34201609257371296,0.6149116929481777,0.6015823370921151,0.6282410488042404,0.6346398944292546,0.6184335607024183,0.650846228156091,1.9728201481076901,WIN,0.0,0.0,0.0,0.0,0.09199735522270203,0.031819671392440796,0.09035162813961506,0.12567027192562819,0.02069681033026427,0.03372301673516631,6.108211278915405,127.49325489997864,99.67176508903503,1.2791311038395994,241.0001142024994
39,intra,MMRR-21-17,MMRR-21-11,5.0,antithetic,0.5,0.3093528942208141,0.5449683260725073,0.5156578858366113,0.5742787663084035,0.5780389049999404,0.546794914961635,0.6092828950382457,3.3070578927433036,WIN,0.0,0.0,0.0,0.0,0.12269428372383118,0.04310756176710129,0.10026507452130318,0.1374291805550456,0.020751804928295314,0.03641041659284383,5.95672869682312,114.75968980789185,74.25760412216187,1.5454267770220491,201.84788608551025
40,inter,NKI-RS-22-6,OASIS-TRT-20-7,5.0,antithetic,0.5,0.33939123468796006,0.5999876939331396,0.6013299365720324,0.5986454512942467,0.6168752067869399,0.6165120367954317,0.617238376778448,1.6887512853800302,WIN,0.0,0.0,0.0,0.0,0.09064321964979172,0.053429923951625824,0.11321492213755846,0.14585845451802015,0.026162310736253858,0.037018232862465084,5.813927173614502,127.67810916900635,82.11482810974121,1.5548727569443697,223.584547996521
41,inter,MMRR-21-2,NKI-TRT-20-18,5.0,antithetic,0.5,0.3444041044351755,0.6275337547473872,0.5990263804112977,0.6560411290834766,0.6347963520961359,0.6079277438365093,0.6616649603557625,0.7262597348748789,WIN,0.0,0.0,0.0,0.0,0.09719382226467133,0.04935447499155998,0.0902632731013,0.12265910301357508,0.018607119447551668,0.030490413308143616,5.281917095184326,110.67602777481079,48.826884269714355,2.2667026460965345,171.54517889022827
42,inter,MMRR-21-10,NKI-RS-22-11,5.0,antithetic,0.5,0.36816095525976655,0.6273956019542727,0.6275123891592116,0.6272788147493338,0.6389473443879663,0.6380623679849196,0.639832320791013,1.1551742433693613,WIN,0.0,0.0,0.0,0.0,0.0738687515258789,0.05429858714342117,0.09133238438516855,0.12504454422742128,0.019841922738123685,0.03062177635729313,5.96518611907959,113.0226480960846,74.08716893196106,1.5255360641446625,199.7911660671234
43,inter,OASIS-TRT-20-12,NKI-TRT-20-10,5.0,antithetic,0.5,0.33110085844199166,0.6197211017490287,0.6053526328327756,0.6340895706652818,0.6299601824776274,0.6198534772778039,0.6400668876774509,1.0239080728598693,WIN,0.0,0.0,0.0,0.0,0.11087077111005783,0.03251519054174423,0.12008791044354439,0.1566591840237379,0.027784386766143143,0.040966434753499925,6.370753049850464,111.72933387756348,88.84062910079956,1.25763780613028,213.87873578071594
44,inter,NKI-TRT-20-2,MMRR-21-2,5.0,antithetic,0.5,0.33579735225441243,0.60431823028961,0.6243923791274951,0.5842440814517249,0.6053675739720834,0.625776815710067,0.5849583322340999,0.1049343682473447,WIN,0.0,0.0,0.0,0.0,0.09714724123477936,0.04462777078151703,0.1113623846322298,0.14754910673946142,0.025937181897461414,0.03936400078237057,5.572669982910156,127.50902509689331,79.77902603149414,1.5982775353331204,220.4621810913086
45,inter,MMRR-21-17,NKI-TRT-20-7,5.0,antithetic,0.5,0.3241120878845288,0.5946780498354051,0.5591248673978693,0.6302312322729409,0.6151257424844394,0.5781694835381165,0.6520820014307622,2.0447692649034344,WIN,0.0,0.0,0.0,0.0,0.10890021920204163,0.07674529403448105,0.09615437779575586,0.13111298251897097,0.01975383685203269,0.0332296064007096,5.701519012451172,109.57786798477173,50.06808400154114,2.18857721780204,172.18184399604797
46,inter,NKI-RS-22-12,OASIS-TRT-20-3,5.0,antithetic,0.5,0.3628044087864397,0.6247436546659109,0.6382010217752053,0.6112862875566163,0.6313953394122995,0.6418412479992636,0.6209494308253354,0.6651684746388664,WIN,0.0,0.0,0.0,0.0,0.0995875895023346,0.04738781973719597,0.09927335567772388,0.1273293262347579,0.023332873999606818,0.035226162523031235,6.022158145904541,133.3026909828186,81.26391220092773,1.640367629030993,228.25577807426453
47,inter,NKI-RS-22-12,NKI-TRT-20-18,5.0,antithetic,0.5,0.40672636697718845,0.6677304169202178,0.6529867244255638,0.682474109414872,0.6760881947924955,0.6610434780564252,0.6911329115285657,0.835777787227765,WIN,0.0,0.0,0.0,0.0,0.06772340089082718,0.02517065219581127,0.08679890166968107,0.12106474488973618,0.019778095331275836,0.031612781807780266,6.473630905151367,122.17576289176941,80.7446448802948,1.5131128890701901,217.13456201553345
48,inter,OASIS-TRT-20-12,NKI-TRT-20-7,5.0,antithetic,0.5,0.3642284609865798,0.6128457272589769,0.5850324024217929,0.640659052096161,0.6095662538002876,0.5888693636264198,0.6302631439741554,-0.3279473458689286,LOSS,0.0,0.0,0.0,0.0,0.10791101306676865,0.03219590336084366,0.10819759126752615,0.14458385948091745,0.026427592849358916,0.04061815713066608,6.217355012893677,109.65552306175232,89.4082419872284,1.2264587763331278,212.0527470111847
49,inter,NKI-RS-22-15,OASIS-TRT-20-7,5.0,antithetic,0.5,0.35469405505240126,0.6526746371741268,0.661185599652289,0.6441636746959645,0.6488247161207017,0.6507955134533439,0.6468539187880595,-0.3849921053425076,LOSS,0.0,0.0,0.0,0.0,0.11211252212524414,0.05982945114374161,0.1055602878332138,0.13198777940124273,0.024775376834440976,0.03381472663022578,6.168385982513428,135.59644603729248,81.22713994979858,1.669349014640872,230.7865960597992
50,inter,MMRR-21-15,OASIS-TRT-20-18,5.0,antithetic,0.5,0.3413486151833478,0.5846863896144388,0.5740830904984071,0.5952896887304703,0.6090219504398302,0.6025921122054022,0.6154517886742582,2.4335560825391456,WIN,0.0,0.0,0.0,0.0,0.09773531556129456,0.040846195071935654,0.08013444021344185,0.11731557548046112,0.018074178864480928,0.03217678039800376,4.740081071853638,110.18313789367676,50.09552717208862,2.199460592862405,171.65637588500977
51,inter,NKI-RS-22-13,NKI-TRT-20-8,5.0,antithetic,0.5,0.3184775692797347,0.6012015449535429,0.6014916704207878,0.6009114194862981,0.6116539881245888,0.6135605597871958,0.6097474164619818,1.0452443171045878,WIN,0.0,0.0,0.0,0.0,0.12369951605796814,0.053940460085868835,0.08285960182547569,0.11720086727291346,0.019513587176334113,0.034501143149100244,5.106798887252808,123.3819990158081,53.09080719947815,2.323980469014622,188.9947910308838
52,inter,MMRR-21-14,OASIS-TRT-20-20,5.0,antithetic,0.5,0.3386302661624522,0.6058350048852542,0.6066920588192131,0.6049779509512954,0.6141518142952127,0.6143233554618739,0.6139802731285516,0.8316809409958492,WIN,0.0,0.0,0.0,0.0,0.1272115409374237,0.0486963614821434,0.08179212780669332,0.11508925538510084,0.01724645000649616,0.030326749954838306,5.092932224273682,117.7900960445404,74.0206298828125,1.5913144245195234,203.59074306488037
53,inter,NKI-RS-22-2,NKI-TRT-20-1,5.0,antithetic,0.5,0.33608681721155154,0.5965011189593422,0.6238805509630965,0.569121686955588,0.6029443253145439,0.6295247674959055,0.5763638831331824,0.644320635520168,WIN,0.0,0.0,0.0,0.0,0.11515511572360992,0.050669364631175995,0.09523864090442657,0.12122103571891785,0.02196288399863988,0.03561337653081864,6.133299827575684,137.77957606315613,52.83698797225952,2.607634941936758,204.32784509658813
54,inter,MMRR-21-12,NKI-TRT-20-10,5.0,antithetic,0.5,0.35491335947168456,0.624134342556726,0.6054275702666859,0.642841114846766,0.6319276429734602,0.6231543332045203,0.6407009527423999,0.7793300416734206,WIN,0.0,0.0,0.0,0.0,0.1156608909368515,0.062212660908699036,0.06288023944944143,0.08480968466028571,0.01474503448116593,0.024221019237302244,5.439250946044922,107.76210308074951,46.01642870903015,2.341818044206515,165.5541799068451
55,inter,NKI-RS-22-2,OASIS-TRT-20-8,5.0,antithetic,0.5,0.33829569713288804,0.6032938894862764,0.6282334574844901,0.5783543214880627,0.6280749585559153,0.6498804970966078,0.6062694200152228,2.478106906963895,WIN,0.0,0.0,0.0,0.0,0.09727531671524048,0.04242546111345291,0.09304652083665133,0.12122627533972263,0.02230411284836009,0.03433064103592187,5.581398010253906,146.596825838089,53.004223108291626,2.7657574668829805,212.76031804084778
56,inter,OASIS-TRT-20-5,NKI-TRT-20-6,5.0,antithetic,0.5,0.3351926738942257,0.6041170117707162,0.6095449142228356,0.5986891093185968,0.6379523949323707,0.65025503737446,0.6256497524902812,3.3835383161654464,WIN,0.0,0.0,0.0,0.0,0.09304764866828918,0.032147664576768875,0.12690191995352507,0.16465813666582108,0.03003126592375338,0.04136910557281226,5.735343933105469,109.70126295089722,90.42943716049194,1.2131145166391128,212.761048078537
57,inter,NKI-RS-22-12,MMRR-21-7,5.0,antithetic,0.5,0.3508978085464297,0.6395481161754033,0.6729735442676055,0.6061226880832011,0.6505313734068676,0.6812343118805451,0.6198284349331902,1.0983257231464316,WIN,0.0,0.0,0.0,0.0,0.1286797970533371,0.06559298187494278,0.09587262198328972,0.12985987309366465,0.02215797355165705,0.03607732173986733,6.258945941925049,126.20211577415466,80.82541990280151,1.5614161476169497,220.83119797706604
58,inter,NKI-RS-22-3,NKI-TRT-20-14,5.0,antithetic,0.5,0.37868681294052786,0.6405031772908694,0.640441943760192,0.6405644108215466,0.665127398877323,0.6698137833772587,0.6604410143773871,2.462422158645361,WIN,0.0,0.0,0.0,0.0,0.12663018703460693,0.0388612300157547,0.07752066338434815,0.11511599272489548,0.01920257121673785,0.032372282119467854,5.574635982513428,121.69951319694519,52.553138971328735,2.3157420389929597,187.30024886131287
59,inter,NKI-RS-22-4,OASIS-TRT-20-11,5.0,antithetic,0.5,0.3560806290206484,0.53737838484833,0.5473120698396557,0.5274446998570043,0.5701974646755712,0.5723939472528247,0.5680009820983177,3.2819079827241193,WIN,0.0,0.0,0.0,0.0,0.08728273957967758,0.04784170910716057,0.13809212483465672,0.15389608219265938,0.034279705141671,0.03855836717411876,6.353942155838013,139.26810097694397,96.28807020187378,1.4463692198312827,249.7960090637207
60,inter,OASIS-TRT-20-8,NKI-RS-22-15,5.0,antithetic,0.5,0.345542942390313,0.5840970367623513,0.5672936068659757,0.6009004666587269,0.6307949737187056,0.6228096487889182,0.6387802986484931,4.669793695635438,WIN,0.0,0.0,0.0,0.0,0.08180075138807297,0.04172781854867935,0.10688439849764109,0.1480630924925208,0.025355318444781005,0.040756705682724714,6.152968883514404,109.32091999053955,89.13381719589233,1.2264808512607661,211.27572798728943
61,inter,OASIS-TRT-20-8,NKI-RS-22-6,5.0,antithetic,0.5,0.3657591696000385,0.6233664179809288,0.6223930618014897,0.6243397741603681,0.6363961795766709,0.6399728881694994,0.6328194709838425,1.3029761595742095,WIN,0.0,0.0,0.0,0.0,0.10103654861450195,0.05179422348737717,0.10742657724767923,0.14560524746775627,0.026007529348134995,0.043255854630842805,5.743263006210327,110.62530303001404,89.11964011192322,1.2413122729297648,212.1667959690094
62,inter,OASIS-TRT-20-5,MMRR-21-11,5.0,antithetic,0.5,0.35350951661471186,0.5968649821583227,0.5869449483489304,0.606785015967715,0.5962979238548621,0.5940255609789642,0.5985702867307601,-0.056705830346059916,LOSS,0.0,0.0,0.0,0.0,0.10724148154258728,0.03985588252544403,0.12760902754962444,0.16244395729154348,0.02942961285589263,0.042531161569058895,5.8831799030303955,120.55840301513672,89.76009106636047,1.34311810051537,222.88785195350647
63,inter,OASIS-TRT-20-15,NKI-TRT-20-6,5.0,antithetic,0.5,0.3323124445141249,0.5919830892290981,0.5962960776055491,0.5876701008526471,0.628990068755801,0.6418250844559122,0.6161550530556897,3.7006979526702843,WIN,0.0,0.0,0.0,0.0,0.08938904851675034,0.042390819638967514,0.10164534393697977,0.14239619486033916,0.024974199768621475,0.04209869750775397,6.012919187545776,108.92048692703247,84.13866186141968,1.294535526443594,205.68660616874695
64,inter,NKI-RS-22-9,OASIS-TRT-20-15,5.0,antithetic,0.5,0.3540110647603559,0.6385497825757458,0.6540008588766713,0.6230987062748202,0.6551923691761941,0.6650129275873927,0.6453718107649955,1.6642586600448261,WIN,0.0,0.0,0.0,0.0,0.08892912417650223,0.026138318702578545,0.07887191697955132,0.1133302953094244,0.01939355058129877,0.03255812812130898,6.197803974151611,122.58726978302002,52.96217107772827,2.3146194215321847,189.2831699848175
65,inter,OASIS-TRT-20-20,NKI-RS-22-7,5.0,antithetic,0.5,0.34699460017540806,0.5657079366043978,0.5660292547896593,0.5653866184191363,0.5982834622502062,0.6093052357177285,0.5872616887826839,3.2575525645808456,WIN,0.0,0.0,0.0,0.0,0.10343396663665771,0.035905733704566956,0.1093442253768444,0.15665073040872812,0.026418615656439215,0.04510445753112435,5.447582960128784,109.99146008491516,89.15376210212708,1.233727635171673,211.11862015724182
66,inter,MMRR-21-2,OASIS-TRT-20-14,5.0,antithetic,0.5,0.351173562476535,0.6335233077439668,0.6335076787181906,0.6335389367697429,0.6352984080308781,0.6368757088484425,0.6337211072133138,0.1775100286911302,WIN,0.0,0.0,0.0,0.0,0.12152072787284851,0.02079605497419834,0.08931866940110922,0.11682206578552723,0.01901640382129699,0.029945889371447265,4.661434650421143,115.53631901741028,49.25104808807373,2.3458651846515264,176.25119805335999
67,inter,OASIS-TRT-20-17,NKI-RS-22-22,5.0,antithetic,0.5,0.345239065100275,0.6171677720943629,0.6044846843570634,0.6298508598316626,0.6208649768658294,0.6134919456340139,0.6282380080976451,0.3697204771466511,WIN,0.0,0.0,0.0,0.0,0.09341380000114441,0.06164674460887909,0.13621503487229347,0.172139011323452,0.029191997251473367,0.043339747935533524,6.437230110168457,117.89794516563416,90.28493404388428,1.3058429561274107,221.43812704086304
68,inter,NKI-RS-22-7,OASIS-TRT-20-11,5.0,antithetic,0.5,0.3249150490918291,0.552749535490191,0.550946256246651,0.5545528147337311,0.5956966888674106,0.5864886448746034,0.6049047328602177,4.294715337721955,WIN,0.0,0.0,0.0,0.0,0.0841025710105896,0.05623461306095123,0.11417156737297773,0.1472596125677228,0.0283173595671542,0.03932871902361512,6.716719150543213,131.32132601737976,53.392788887023926,2.4595329960240164,199.18316507339478
69,inter,OASIS-TRT-20-2,MMRR-21-18,5.0,antithetic,0.5,0.33010658785255853,0.6032441678841006,0.5925576608380833,0.613930674930118,0.6216766597352661,0.6141713488067803,0.6291819706637519,1.8432491851165467,WIN,0.0,0.0,0.0,0.0,0.0771404504776001,0.016484001651406288,0.13696338515728712,0.17281640321016312,0.03219610487576574,0.04555226699449122,6.104468107223511,114.90327072143555,89.89323902130127,1.2782192740235765,217.5921070575714
70,inter,NKI-TRT-20-4,NKI-RS-22-22,5.0,antithetic,0.5,0.38879533664263394,0.6495784168345102,0.6629681533776468,0.6361886802913737,0.6651621765848608,0.6774323874917616,0.6528919656779599,1.5583759750350534,WIN,0.0,0.0,0.0,0.0,0.07343212515115738,0.029181718826293945,0.09313387237489223,0.12210954166948795,0.02214348712004721,0.032487340620718896,6.309379816055298,125.32722091674805,81.17831492424011,1.543850978351916,220.57929921150208
71,inter,NKI-TRT-20-3,NKI-RS-22-22,5.0,antithetic,0.5,0.3589671469228901,0.61716952520187,0.6240906468740873,0.6102484035296526,0.6260305453829169,0.6367090017638258,0.6153520890020081,0.8861020181046952,WIN,0.0,0.0,0.0,0.0,0.10117712616920471,0.019801057875156403,0.07436412246897817,0.10171812400221825,0.01856102154124528,0.031032864819280803,5.610292911529541,126.74619007110596,53.44889783859253,2.371352734977997,193.13664484024048
72,inter,NKI-TRT-20-15,NKI-RS-22-9,5.0,antithetic,0.5,0.41951914342707675,0.6828922401707185,0.6898800582409743,0.6759044221004625,0.6927651088249248,0.7038202466175023,0.6817099710323473,0.9872868654206335,WIN,0.0,0.0,0.0,0.0,0.0887204259634018,0.03782517462968826,0.07376202149316669,0.10184826329350471,0.017595765180885792,0.03027981345076114,6.127017021179199,124.99841260910034,52.979168176651,2.3593879804286866,191.5230782032013
73,inter,NKI-TRT-20-3,OASIS-TRT-20-1,5.0,antithetic,0.5,0.3433296481700469,0.6210165516664153,0.6241513405787396,0.6178817627540911,0.6258288875524549,0.6252312691036043,0.6264265060013056,0.4812335886039576,WIN,0.0,0.0,0.0,0.0,0.06981104612350464,0.04468683525919914,0.07314118789508939,0.10392890684306622,0.018087864067638293,0.031172129441983998,5.018520832061768,123.16307401657104,52.32971978187561,2.3535970482920217,187.7712278366089
74,inter,NKI-TRT-20-7,NKI-RS-22-9,5.0,antithetic,0.5,0.3877733227823383,0.6341379472837876,0.6385741065517376,0.6297017880158374,0.6352555175530127,0.6397456001665982,0.6307654349394272,0.11175702692250988,WIN,0.0,0.0,0.0,0.0,0.10445459187030792,0.04675733298063278,0.08122969884425402,0.1090285312384367,0.020172785210888833,0.03123648138716817,5.832599639892578,123.11648988723755,52.91447591781616,2.32670715814053,189.28267693519592
75,inter,NKI-TRT-20-3,OASIS-TRT-20-8,5.0,antithetic,0.5,0.35835682457575,0.6339417278752257,0.6571941521447446,0.610689303605707,0.6392556677050736,0.6607027835003166,0.6178085519098306,0.5313939829847847,WIN,0.0,0.0,0.0,0.0,0.09520440548658371,0.036137085407972336,0.07487302226945758,0.1008941475301981,0.018752958858385682,0.03155159333255142,5.0882041454315186,144.7717411518097,53.56847620010376,2.702554775144589,210.9837510585785
76,inter,NKI-RS-22-4,MMRR-21-8,5.0,antithetic,0.5,0.3605614094060911,0.5293083100588825,0.5250807182240577,0.5335359018937073,0.5779726967845691,0.5685068733351035,0.5874385202340346,4.866438672568663,WIN,0.0,0.0,0.0,0.0,0.06673501431941986,0.030469588935375214,0.14652893226593733,0.16729066520929337,0.03434518270660192,0.041611745371483266,6.280158996582031,145.18039202690125,100.55429601669312,1.443800988898572,259.80341601371765
77,inter,OASIS-TRT-20-5,MMRR-21-8,5.0,antithetic,0.5,0.32659856039332413,0.6051715398399338,0.5879003361820905,0.6224427434977772,0.6100524388186408,0.5918851644000411,0.6282197132372405,0.48808989787070267,WIN,0.0,0.0,0.0,0.0,0.10650656372308731,0.02136199362576008,0.1306705018505454,0.1714615635573864,0.028974471206311136,0.044880500296130776,5.783556938171387,111.78174066543579,89.69028401374817,1.2463082472601084,213.93638706207275
78,inter,NKI-RS-22-2,OASIS-TRT-20-14,5.0,antithetic,0.5,0.3507852410431561,0.6200963116478231,0.6549918042034741,0.5852008190921719,0.6306527362637955,0.6608745226171358,0.6004309499104553,1.0556424615972393,WIN,0.0,0.0,0.0,0.0,0.07978218048810959,0.03283875435590744,0.08424775581806898,0.11806440073996782,0.020124552567722276,0.03382757061626762,5.937558650970459,127.85665917396545,53.201765060424805,2.4032409268517707,194.57324504852295
79,inter,NKI-TRT-20-14,NKI-RS-22-22,5.0,antithetic,0.5,0.3466667241549279,0.6352589669203006,0.6406954808621137,0.6298224529784876,0.6454963483647527,0.6498759351569936,0.6411167615725116,1.0237381444452076,WIN,0.0,0.0,0.0,0.0,0.1200462132692337,0.045212794095277786,0.0913399113342166,0.1287686638534069,0.02203123492654413,0.036033608310390264,6.148772239685059,131.79818415641785,80.66268372535706,1.6339424634713198,226.17447876930237
80,inter,MMRR-21-4,NKI-RS-22-15,5.0,antithetic,0.5,0.36626989116054626,0.6290853196767339,0.6071450713949103,0.6510255679585576,0.6394897112193507,0.6237695862633248,0.6552098361753768,1.0404391542616853,WIN,0.0,0.0,0.0,0.0,0.14666934311389923,0.046488068997859955,0.0722541082650423,0.10859657544642687,0.016659913584589958,0.030786796705797315,5.032018184661865,106.34701585769653,48.18585920333862,2.207017112819857,166.16632795333862
81,inter,NKI-TRT-20-3,MMRR-21-8,5.0,antithetic,0.5,0.3641070505324149,0.6018383047590325,0.5984461074380921,0.6052305020799729,0.6208683897034465,0.6133534582709361,0.6283833211359569,1.9030084944413939,WIN,0.0,0.0,0.0,0.0,0.05351864546537399,0.023480871692299843,0.0709604062139988,0.10260056052356958,0.01848297461401671,0.0327141375746578,5.4191789627075195,124.05205082893372,52.85536217689514,2.34700975870261,189.57332015037537
82,inter,OASIS-TRT-20-19,MMRR-21-11,5.0,antithetic,0.5,0.3700429729647944,0.6046207498733895,0.6117676621593149,0.5974738375874642,0.6170352714689854,0.6256241481360401,0.6084463948019307,1.2414521595595862,WIN,0.0,0.0,0.0,0.0,0.10915966331958771,0.02064661495387554,0.09340777155011892,0.1332175573334098,0.0229234357830137,0.040625876863487065,5.763144016265869,111.72735476493835,84.022381067276,1.3297332608972272,207.99825310707092
83,inter,NKI-TRT-20-6,NKI-RS-22-20,5.0,antithetic,0.5,0.3706468709847154,0.6422088038278104,0.6252284676960939,0.6591891399595271,0.6443672379406433,0.6254040232683323,0.6633304526129544,0.21584341128328965,WIN,0.0,0.0,0.0,0.0,0.1299992799758911,0.06683671474456787,0.09770533628761768,0.12717994768172503,0.023109025554731488,0.03308847773587331,6.13451075553894,132.2086958885193,53.79072165489197,2.45783458226751,199.85567474365234
84,inter,MMRR-21-11,NKI-RS-22-1,5.0,antithetic,0.5,0.34982220305136086,0.5819153226740702,0.5876625389558148,0.5761681063923256,0.5973503771680562,0.6046688549592699,0.5900318993768423,1.5435054493985967,WIN,0.0,0.0,0.0,0.0,0.1627277135848999,0.022871196269989014,0.07984306896105409,0.12570161372423172,0.01735122303944081,0.03218245512107387,5.666791915893555,107.27112174034119,73.95728898048401,1.4504469163093323,193.59437799453735
85,inter,NKI-RS-22-21,MMRR-21-11,5.0,antithetic,0.5,0.356747086990246,0.6057629563118718,0.6117762738310877,0.599749638792656,0.6126128356915239,0.6185299203288344,0.6066957510542136,0.6849879379652091,WIN,0.0,0.0,0.0,0.0,0.0782611072063446,0.026853522285819054,0.08386028278619051,0.12321280036121607,0.020562769030220807,0.035804174374789,5.880746126174927,123.96274614334106,53.44097018241882,2.3196200540558807,190.70433497428894
86,inter,NKI-RS-22-7,NKI-TRT-20-10,5.0,antithetic,0.5,0.3302740322418204,0.6197135388801329,0.6107898409918155,0.6286372367684504,0.6361655043146748,0.6248256396798126,0.6475053689495369,1.645196543454186,WIN,0.0,0.0,0.0,0.0,0.10245496779680252,0.0420897901058197,0.10860847309231758,0.1457472015172243,0.023309399373829365,0.03541034762747586,6.559451103210449,123.27319812774658,52.56957697868347,2.34495320701806,190.17382407188416
87,inter,NKI-TRT-20-19,MMRR-21-12,5.0,antithetic,0.5,0.3776686843193491,0.6451124360992031,0.6632336842406448,0.6269911879577614,0.6544247786049939,0.67243215804018,0.6364173991698078,0.9312342505790827,WIN,0.0,0.0,0.0,0.0,0.06358640640974045,0.030202774330973625,0.08394203893840313,0.11496192589402199,0.02079910333850421,0.03347988112363964,6.156477928161621,124.88173413276672,80.89048886299133,1.5438370553587057,219.40724182128906
88,inter,MMRR-21-10,NKI-RS-22-1,5.0,antithetic,0.5,0.35896964801060627,0.5876580340545279,0.595441274336131,0.5798747937729248,0.6084210427418325,0.6199853272429646,0.5968567582407004,2.076300868730463,WIN,0.0,0.0,0.0,0.0,0.11162394285202026,0.07314646989107132,0.09370541665703058,0.13427736796438694,0.019617403740994632,0.03363297472242266,6.096305847167969,112.70302319526672,73.91642785072327,1.5247357924665177,199.49475598335266
89,inter,NKI-TRT-20-10,NKI-RS-22-2,5.0,antithetic,0.5,0.377517987771554,0.6623285056779793,0.6516990239582328,0.6729579873977257,0.6732394008293549,0.6632688034234894,0.6832099982352203,1.0910895151375555,WIN,0.0,0.0,0.0,0.0,0.11168137937784195,0.051675278693437576,0.07743939710780978,0.11041809991002083,0.01889516890514642,0.0325647460995242,6.054764032363892,121.81621098518372,53.1871497631073,2.2903316219753562,188.51319789886475
