pair,type,subject1,subject2,dice_affine,dice_ants,dice_syn,dice_tvf,dice_syngs,fold_brain_ants,fold_brain_syn,fold_brain_tvf,fold_brain_syngs,time_ants,time_syn,time_tvf,time_syngs
0,intra,OASIS-TRT-20-17,OASIS-TRT-20-16,0.3717296408692181,0.6328999789585317,0.6426516063008891,0.6565972680891086,0.6532793290865958,0.0,0.0,0.0023638555575153,0.0547502143246824,218.76,89.49854016304016,237.01379084587097,100.91868376731873
1,intra,OASIS-TRT-20-16,OASIS-TRT-20-17,0.3629404247486257,0.6067171957318807,0.6544124533078153,0.661312918539847,0.6504064947116154,0.0,0.0,0.0008377284156281,0.0458401536136993,224.39,52.340402126312256,287.43186497688293,99.80266499519348
2,intra,NKI-TRT-20-10,NKI-TRT-20-4,0.3665032022761307,0.6736926155180265,0.684495376870984,0.6958020612399523,0.6832990849245808,0.0,0.0,0.0046242436927749,0.0712037359863681,185.87,53.71300196647644,312.74325680732727,119.052636384964
3,intra,NKI-TRT-20-8,NKI-TRT-20-15,0.3736290677281179,0.6667688693617475,0.6787616777510439,0.6858084310826514,0.6705138871764654,0.0,0.0,0.0022166957300106,0.0738008872282004,205.68,80.89012408256531,300.91596698760986,119.35505414009094
4,intra,OASIS-TRT-20-12,OASIS-TRT-20-1,0.3451902250570702,0.6134540738479137,0.6184794287358721,0.6486764402874685,0.6365552912867023,0.0,0.0,0.0045489232048927,0.0597504465392414,121.62,89.82184886932373,295.4822311401367,100.21098709106444
5,intra,NKI-TRT-20-20,NKI-TRT-20-11,0.3281973147944511,0.6209805902567052,0.6131819663013196,0.6492747259006153,0.6079444086736208,0.0,0.0,0.0011464519396924,0.0354595622973549,143.84,81.51512789726257,325.8744442462921,119.237065076828
6,intra,MMRR-21-17,MMRR-21-3,0.3162731132934918,0.611563603912908,0.6199278946666553,0.6407146916170079,0.6085020804160515,0.0,0.0,0.0051658229155904,0.0337201869564452,136.76,49.58472299575806,264.89554929733276,109.6001238822937
7,intra,MMRR-21-12,MMRR-21-20,0.322529429961806,0.599886328812783,0.6155052955459016,0.6294182511871018,0.6121585177179305,0.0,0.0,0.0009339108638115,0.0600981358584322,122.15,45.18555402755737,276.85207653045654,109.57276320457458
8,intra,MMRR-21-8,MMRR-21-14,0.372955675611718,0.6278456994136863,0.6214882344281616,0.6280196832136274,0.6381002964006752,0.0,0.0,0.0002463418239148,0.0542356417209697,139.95,44.449811935424805,288.85719656944275,109.48043990135191
9,intra,OASIS-TRT-20-3,OASIS-TRT-20-10,0.3471594185585194,0.6412428349031962,0.6421294944546792,0.6623739649188705,0.6513539617199018,0.0,0.0,0.003493714807062,0.0624413945955161,132.26,89.8616509437561,257.5215620994568,100.14244294166564
10,intra,NKI-TRT-20-11,NKI-TRT-20-10,0.3510227010312314,0.6165275315450189,0.6248888747113348,0.6462960195074812,0.6029406150419159,0.0,0.0,0.0017207923337689,0.0747918155190928,138.51,81.59558391571045,288.68393206596375,119.43010210990906
11,intra,NKI-RS-22-17,NKI-RS-22-1,0.353355026189228,0.6174132835713098,0.6215721927409312,0.638821823067348,0.6320014301314352,0.0,0.0,0.0015960837737429,0.0778134954478193,140.4,55.738197803497314,282.1793022155762,119.25231719017027
12,intra,MMRR-21-9,MMRR-21-2,0.3426504237317752,0.6017600192237048,0.6097838290917112,0.6253864832477848,0.6228427804129645,0.0,0.0,0.0014073028784461,0.0651788989252078,129.48,49.03123688697815,246.54474067687988,109.55807495117188
13,intra,OASIS-TRT-20-7,OASIS-TRT-20-15,0.3294933551982349,0.6418724040601322,0.634700409902466,0.6500687416796942,0.6427998528485548,0.0,0.0,0.0041568554773932,0.0291831534711851,126.87,91.6694712638855,277.6409511566162,100.27861499786376
14,intra,NKI-RS-22-21,NKI-RS-22-2,0.3644111961586035,0.6242187501312024,0.6378613147709128,0.6582412045698789,0.6394992415317085,0.0,0.0,0.0034730836020838,0.0785505492099875,138.49,53.93750882148743,288.0726320743561,119.3780107498169
15,intra,NKI-TRT-20-16,NKI-TRT-20-18,0.3722762493183537,0.6474864454696976,0.6502555062260003,0.6684866473140927,0.6350112306226916,0.0,0.0,0.002188685720489,0.0418524143729902,143.61,82.81348609924316,308.961412191391,119.3596441745758
16,intra,OASIS-TRT-20-15,OASIS-TRT-20-16,0.3536610294120511,0.6183456428417675,0.625977910602061,0.6313883686414239,0.6457725301841075,0.0,0.0,0.0039864063543317,0.0421099712605393,120.34,87.33051204681396,263.84801173210144,99.97518014907835
17,intra,NKI-RS-22-12,NKI-RS-22-2,0.3949892521842681,0.6798311214304917,0.6828269690661435,0.6920222584531078,0.6949158909778619,0.0,0.0,0.0016465289716458,0.0685114070505543,144.82,82.8127121925354,313.58441519737244,119.29007601737976
18,intra,OASIS-TRT-20-6,OASIS-TRT-20-1,0.3495536895739091,0.653367266763387,0.6237495705669174,0.6720501174751877,0.670408,0.0,0.0,0.0012537006556854,0.0764282043002329,123.2,91.5034339427948,237.54026126861572,99.86827325820924
19,intra,OASIS-TRT-20-11,OASIS-TRT-20-8,0.3731951877258163,0.6436312532660866,0.6469833021648894,0.6647587722846846,0.6563481347176562,0.0,0.0,0.0029717344353223,0.0583685389549616,123.85,90.64164090156557,249.67904114723208,99.85375094413756
20,intra,MMRR-21-20,MMRR-21-17,0.3127255417788229,0.6067134468608519,0.5980393053644472,0.6147066638516434,0.626891,0.0,0.0,0.0014405421757505,0.0547260827158259,123.73,50.17039084434509,269.48265981674194,109.37500715255736
21,intra,NKI-TRT-20-7,NKI-TRT-20-18,0.368474431884874,0.636729958907068,0.6419537867199417,0.6583501589560696,0.6595363803219232,0.0,0.0,0.0018052388030063,0.0939357187439333,144.22,56.74424409866333,287.6263711452484,119.23012709617616
22,intra,NKI-RS-22-22,NKI-RS-22-6,0.3697114915150182,0.6321172022340256,0.6490068886332911,0.6615391175858857,0.6698485412595828,0.0,0.0,0.0004892230282171,0.0560206734356162,135.54,54.8554790019989,324.73409605026245,119.37612009048462
23,intra,NKI-RS-22-19,NKI-RS-22-17,0.3433172503758602,0.6152779389013684,0.6437879214802922,0.6419806643011066,0.6195352368080607,0.0,0.0,0.000726255592168,0.065585371010403,137.33,54.80379390716553,297.8160195350647,119.39576196670532
24,intra,MMRR-21-14,MMRR-21-2,0.3324298848668104,0.606889679776232,0.6108283369408525,0.6234933225056921,0.6020333112495548,0.0,0.0,0.001665873393622,0.0533529136765704,126.47,51.26640629768371,271.09676003456116,109.51609706878662
25,intra,NKI-TRT-20-11,NKI-TRT-20-16,0.3468768126214816,0.6193309255588317,0.6372626840576066,0.6461592488124791,0.6542683559034229,0.0,0.0,0.0019232384906829,0.0612122959416038,136.86,101.1625919342041,312.99357056617737,119.45403289794922
26,intra,NKI-RS-22-8,NKI-RS-22-5,0.3793630078520449,0.6592981225796088,0.6673165386695543,0.6762652580088093,0.673838499532681,0.0,0.0,0.0019991303782854,0.0634860107662538,141.11,54.27394986152649,353.1556701660156,119.03950786590576
27,intra,NKI-TRT-20-7,NKI-TRT-20-12,0.3571602803512209,0.6220060496970126,0.6321161303775439,0.6495948940151961,0.6385888289468509,0.0,0.0,0.0010029104461146,0.0793234958282103,144.64,53.796366930007935,301.0770061016083,119.05882692337036
28,intra,NKI-RS-22-11,NKI-RS-22-20,0.3751137244308553,0.6356348046066008,0.6448720234944705,0.6473471448751604,0.6536057740381841,0.0,0.0,0.0022805679028726,0.0644393111013993,141.47,53.33370018005371,287.2792749404907,119.44715809822084
29,intra,OASIS-TRT-20-1,OASIS-TRT-20-11,0.314995787523573,0.639368715923692,0.6367914022477839,0.6567372396917984,0.6513592832268231,0.0,0.0,0.0029699711170308,0.0659142504094945,128.29,89.48175311088562,251.17888069152832,100.49051308631896
30,intra,MMRR-21-2,MMRR-21-15,0.3266981598726939,0.6057520728133725,0.6026486999512932,0.6343454837715452,0.6233936024656663,0.0,0.0,0.000932040282781,0.0551256502497476,126.79,74.29868602752686,254.26441502571103,109.511048078537
31,intra,NKI-RS-22-19,NKI-RS-22-12,0.3691193658188739,0.6291836864838513,0.6366071270701399,0.6609206335954021,0.6451237349615926,0.0,0.0,0.002075015977623,0.0608390612662291,138.88,53.62624502182007,285.4285981655121,119.34175705909728
32,intra,NKI-TRT-20-9,NKI-TRT-20-2,0.3368639604123514,0.6139801109644121,0.6141340768787249,0.6331463962604228,0.62972686632586,0.0,0.0,0.0030666348018636,0.0703475211930229,150.19,98.97474002838136,296.2307870388031,119.14649605751038
33,intra,MMRR-21-6,MMRR-21-16,0.3538667581133479,0.6202269640211329,0.6275240301484202,0.6436772505799309,0.630726001960737,0.0,0.0,0.0013014580234236,0.0688420409096396,125.92,50.230260133743286,251.81647992134097,109.46946668624878
34,intra,OASIS-TRT-20-16,OASIS-TRT-20-13,0.3632863886371705,0.6511406088553662,0.6473638282203865,0.6663523473262734,0.658119614788496,0.0,0.0,0.0070551003336054,0.056857529589524,123.1,89.93784666061401,253.8801679611206,99.92861104011536
35,intra,MMRR-21-14,MMRR-21-3,0.3460422351735617,0.6125620250015078,0.6129632013729965,0.6193622009194695,0.6291801839642566,0.0,0.0,0.0011899095668729,0.0538811603466354,128.46,74.24804663658142,260.08156085014343,109.68506789207458
36,intra,OASIS-TRT-20-12,OASIS-TRT-20-7,0.3573572134198921,0.6294336875423941,0.6332917351105624,0.6525372826841138,0.6428399734834679,0.0,0.0,0.0043632528699992,0.0800910240845151,120.98,89.59679412841797,244.6402759552002,99.98370099067688
37,intra,NKI-TRT-20-2,NKI-TRT-20-17,0.3723536389104095,0.6242016710333163,0.6286694156157657,0.6408554401874816,0.6506098817132804,0.0,0.0,0.004528964577027,0.0731088072587635,142.41,82.41121172904968,295.19679379463196,119.40136194229126
38,intra,NKI-RS-22-14,NKI-RS-22-21,0.339615424003707,0.6240037041898674,0.6346398944292546,0.6486876646117241,0.6319669944423782,0.0,0.0,0.0014842992941096,0.0528746092334656,143.04,99.67176508903503,300.0858430862427,119.08860397338869
39,intra,MMRR-21-17,MMRR-21-11,0.3125408283232979,0.5824281551703548,0.5780389049999404,0.6047840272390509,0.5818758622029646,0.0,0.0,0.0045508439970677,0.0835674198485817,130.22,74.25760412216187,280.8023419380188,109.56076216697691
40,inter,NKI-RS-22-6,OASIS-TRT-20-7,0.3437163363321819,0.5810315774686858,0.6168752067869399,0.6360544993574107,0.6317385522599592,0.0,0.0,0.0059181346039728,0.0892224306858453,142.04,82.11482810974121,309.15724754333496,119.43394112586977
41,inter,MMRR-21-2,NKI-TRT-20-18,0.3463001627598288,0.6092612726879854,0.6347963520961359,0.6415933913171408,0.6538198237056909,0.0,0.0,0.0003495151060428,0.0535728150314449,224.98,48.826884269714355,255.10660696029663,109.41240501403809
42,inter,MMRR-21-10,NKI-RS-22-11,0.3715715334256124,0.6265396328943884,0.6389473443879663,0.652718912077624,0.6399773629249659,0.0,0.0,0.0003156877889858,0.06755936282248,130.25,74.08716893196106,277.79041051864624,109.51386499404909
43,inter,OASIS-TRT-20-12,NKI-TRT-20-10,0.3357581966318972,0.6230767240467183,0.6299601824776274,0.6466511452363218,0.6291107344468014,0.0,0.0,0.0014853626791486,0.0489445147183147,130.19,88.84062910079956,251.22968339920044,100.82821893692017
44,inter,NKI-TRT-20-2,MMRR-21-2,0.33664074712634,0.5876241026607337,0.6053675739720834,0.6217773479271806,0.6241310273210956,0.0,0.0,0.0021258405157473,0.1000722039952877,150.03,79.77902603149414,327.51833415031433,119.24263310432434
45,inter,MMRR-21-17,NKI-TRT-20-7,0.319356454841685,0.603799469633619,0.6151257424844394,0.6342492958848817,0.6201863833956012,0.0,0.0,0.0030748945926133,0.0328405299054075,129.84,50.06808400154114,293.3001911640167,109.54358506202698
46,inter,NKI-RS-22-12,OASIS-TRT-20-3,0.3616939371564347,0.6119141559614505,0.6313953394122995,0.6542299195497587,0.6382432762436443,0.0,0.0,0.0008716918085183,0.0621933522216847,146.83,81.26391220092773,297.6754937171936,119.38459277153017
47,inter,NKI-RS-22-12,NKI-TRT-20-18,0.4085530512190905,0.6703911384007785,0.6760881947924955,0.6861891405391725,0.6896720596976561,0.0,0.0,0.0008716918085183,0.0580471287402391,141.81,80.7446448802948,270.0832471847534,119.2518231868744
48,inter,OASIS-TRT-20-12,NKI-TRT-20-7,0.362671576370381,0.6025941157787624,0.6095662538002876,0.6308219235828532,0.6314798567826646,0.0,0.0,0.0026922198559569,0.0697088542957816,120.74,89.4082419872284,238.8546557426453,100.43070697784424
49,inter,NKI-RS-22-15,OASIS-TRT-20-7,0.3513202203420689,0.6485829274830958,0.6488247161207017,0.6770277808858514,0.6583375844587194,0.0,0.0,0.0001657381188557,0.0390544152186237,153.9,81.22713994979858,289.38871574401855,119.72341299057008
50,inter,MMRR-21-15,OASIS-TRT-20-18,0.3414540122649762,0.5866339990300169,0.6090219504398302,0.6240925462734175,0.610276665708744,0.0,0.0,0.0003897556621753,0.0593127991503096,120.94,50.09552717208862,248.4744520187378,109.59905624389648
51,inter,NKI-RS-22-13,NKI-TRT-20-8,0.3162588652486587,0.5973069596791805,0.6116539881245888,0.616906751796819,0.6028394614792412,0.0,0.0,0.0004787019517875,0.074885450645411,140.02,53.09080719947815,296.9230136871338,119.09743690490724
52,inter,MMRR-21-14,OASIS-TRT-20-20,0.3401852727933881,0.6082509849818152,0.6141518142952127,0.6337459092461959,0.631640659090503,0.0,0.0,0.0005949547834364,0.0309024301988056,123.3,74.0206298828125,257.7952630519867,109.55380415916444
53,inter,NKI-RS-22-2,NKI-TRT-20-1,0.3399809844921339,0.5829446419410704,0.6029443253145439,0.6021784272224902,0.6042461873912041,0.0,0.0,0.0006416947586372,0.0677000051580956,154.73,52.83698797225952,284.48775005340576,119.5072910785675
54,inter,MMRR-21-12,NKI-TRT-20-10,0.3484253219193783,0.6221204777489908,0.6319276429734602,0.6456409802604355,0.6281793979784036,0.0,0.0,0.0028017325914345,0.0729239575355366,147.24,46.01642870903015,265.7173578739166,109.77837586402892
55,inter,NKI-RS-22-2,OASIS-TRT-20-8,0.3311094445005518,0.5944364683219847,0.6280749585559153,0.6551618322566941,0.6085302195729949,0.0,0.0,0.0047057615633395,0.0573838138959096,145.41,53.004223108291626,305.08658599853516,119.54338097572328
56,inter,OASIS-TRT-20-5,NKI-TRT-20-6,0.3326345674793526,0.6420797370045467,0.629548,0.6584066345739372,0.653408,0.0,0.0,0.0027688774711149,0.0808590641016576,125.25,90.42943716049194,250.51085901260376,100.7056028842926
57,inter,NKI-RS-22-12,MMRR-21-7,0.3522960814096425,0.6150187849253953,0.6505313734068676,0.6526804080587938,0.656408570660445,0.0,0.0,9.685464539092956e-05,0.0777910500804564,140.09,80.82541990280151,285.3272702693939,119.13683485984802
58,inter,NKI-RS-22-3,NKI-TRT-20-14,0.3810515172365305,0.6340437279520468,0.665127398877323,0.6714166849879893,0.6652494511729358,0.0,0.0,0.0002163951808793,0.0614441383409188,137.97,52.553138971328735,293.22057914733887,119.49137091636658
59,inter,NKI-RS-22-4,OASIS-TRT-20-11,0.3621321046417334,0.6142998698015127,0.552576,0.6367416076904288,0.639398,0.0,0.0,0.0016399113823125,0.0555108237238717,145.92,96.28807020187378,314.04822301864624,119.68065595626832
60,inter,OASIS-TRT-20-8,NKI-RS-22-15,0.3488183935578104,0.6254337720485574,0.6307949737187056,0.6560926715445652,0.638872,0.0,0.0,0.0039670620505177,0.040108128239601,121.08,89.13381719589233,259.60541796684265,100.54566597938538
61,inter,OASIS-TRT-20-8,NKI-RS-22-6,0.3481779925850713,0.5950636466167958,0.6363961795766709,0.639235570916386,0.6189609963591789,0.0,0.0,0.0047226929172829,0.0650733917356792,121.95,89.11964011192322,258.7283556461334,100.50693082809448
62,inter,OASIS-TRT-20-5,MMRR-21-11,0.353292828499869,0.5996704205311721,0.5962979238548621,0.6132311664151593,0.6146521348389038,0.0,0.0,0.0010383290516681,0.0774143954515869,125.71,89.76009106636047,245.43855023384097,100.43458890914916
63,inter,OASIS-TRT-20-15,NKI-TRT-20-6,0.3330198449648404,0.6162065192740187,0.628990068755801,0.6418217048300136,0.6015858017000446,0.0,0.0,0.0025468707263786,0.0471060695456881,122.02,84.13866186141968,254.46193504333496,100.30770707130432
64,inter,NKI-RS-22-9,OASIS-TRT-20-15,0.3611189151821456,0.6418670635238515,0.6551923691761941,0.6633521512032288,0.6539629648459513,0.0,0.0,0.0045810004681559,0.0273031178828762,138.79,52.96217107772827,291.9527270793915,119.26129007339478
65,inter,OASIS-TRT-20-20,NKI-RS-22-7,0.3472373666599914,0.6000972937625605,0.593138,0.6263922282461832,0.612799,0.0,0.0,0.0039774291363431,0.1069160165629218,121.19,89.15376210212708,269.7222149372101,100.63099193572998
66,inter,MMRR-21-2,OASIS-TRT-20-14,0.3542617130244167,0.6302449308560901,0.6352984080308781,0.6509978614784109,0.6523799469755602,0.0,0.0,0.0015145654595191,0.0515023680737079,124.93,49.25104808807373,263.3978748321533,109.61234211921692
67,inter,OASIS-TRT-20-17,NKI-RS-22-22,0.3439728293378673,0.6151526104757941,0.6208649768658294,0.6394595163282457,0.6319349388025806,0.0,0.0,0.0051822987222451,0.0672200140285246,130.72,90.28493404388428,259.798406124115,100.43026399612428
68,inter,NKI-RS-22-7,OASIS-TRT-20-11,0.3214804897077716,0.6073754101188661,0.619699,0.6349238546610119,0.610131,0.0,0.0,0.0018308735386738,0.0491423042577886,143.97,53.392788887023926,308.48139667510986,119.50534176826476
69,inter,OASIS-TRT-20-2,MMRR-21-18,0.3314611632005924,0.6203682256319474,0.6216766597352661,0.6347543733110808,0.6197947201488123,0.0,0.0,0.0014404814258393,0.0775543504343235,126.43,89.89323902130127,237.09686422348025,100.42771005630492
70,inter,NKI-TRT-20-4,NKI-RS-22-22,0.3898213586188748,0.6516701569635075,0.6651621765848608,0.673916163289341,0.6702382306823969,0.0,0.0,0.0009677581688467,0.0942974373174624,142.72,81.17831492424011,280.53839898109436,119.39090585708618
71,inter,NKI-TRT-20-3,NKI-RS-22-22,0.3618774283693795,0.6033246344518866,0.6260305453829169,0.6393573885261383,0.6214161865436989,0.0,0.0,0.0023828955755586,0.0798316468352641,136.67,53.44889783859253,299.48498272895813,119.38098978996275
72,inter,NKI-TRT-20-15,NKI-RS-22-9,0.4210437907318665,0.6848889558599157,0.6927651088249248,0.698106813764116,0.7109531457725745,0.0,0.0,0.0024208581135059,0.0464619044648599,137.29,52.979168176651,291.0880799293518,119.48318815231325
73,inter,NKI-TRT-20-3,OASIS-TRT-20-1,0.3482964010847005,0.632223736774611,0.6258288875524549,0.6435503790850485,0.6419022944568481,0.0,0.0,0.0026211851331145,0.058630455380653,133.89,52.32971978187561,283.1984360218048,119.41363716125488
74,inter,NKI-TRT-20-7,NKI-RS-22-9,0.3906253302790778,0.6337500548582072,0.6352555175530127,0.6536267992983265,0.6579443667448467,0.0,0.0,0.0001002910446114,0.0707649081204297,139.23,52.91447591781616,284.64132499694824,119.24274921417236
75,inter,NKI-TRT-20-3,OASIS-TRT-20-8,0.3588912596087611,0.6392641333118781,0.6392556677050736,0.6581065999141231,0.6436359916522962,0.0,0.0,0.0060763837176745,0.0447580708486234,144.55,53.56847620010376,308.8294360637665,119.31549215316772
76,inter,NKI-RS-22-4,MMRR-21-8,0.3607820666401393,0.5913829008586909,0.556607,0.6265028919174562,0.599511,0.0,0.0,0.0017960934187232,0.0567522798454919,150.5,100.55429601669312,309.3438603878021,119.56286406517027
77,inter,OASIS-TRT-20-5,MMRR-21-8,0.3261889779218124,0.6000235201806878,0.6100524388186408,0.6347512068737851,0.6041421648077787,0.0,0.0,0.0015574935775021,0.0391604436008027,123.71,89.69028401374817,255.7727382183075,100.31505513191225
78,inter,NKI-RS-22-2,OASIS-TRT-20-14,0.3513525069400843,0.6167431479521195,0.6306527362637955,0.6549566981281683,0.6485564103675705,0.0,0.0,0.0013903386437139,0.0303038118326713,137.46,53.201765060424805,297.2028486728668,119.6902720928192
79,inter,NKI-TRT-20-14,NKI-RS-22-22,0.3468914294868621,0.6367852609571656,0.6454963483647527,0.6628642664669464,0.6503497083987532,0.0,0.0,0.0029734218563497,0.0686194985270104,146.55,80.66268372535706,294.474693775177,119.7825677394867
80,inter,MMRR-21-4,NKI-RS-22-15,0.3658937233124327,0.6196114021237314,0.6394897112193507,0.645078476962416,0.6536114072014093,0.0,0.0,0.0008470006296038,0.0326260218936143,144.31,48.18585920333862,250.8276870250702,109.52393198013306
81,inter,NKI-TRT-20-3,MMRR-21-8,0.3635539516538826,0.592150898362685,0.6208683897034465,0.6343214927013048,0.6227157583964043,0.0,0.0,0.0011914477877793,0.0607244002156763,148.69,52.85536217689514,297.0217921733856,119.04909586906432
82,inter,OASIS-TRT-20-19,MMRR-21-11,0.3702976798828682,0.5985746293824987,0.6170352714689854,0.6156290462085939,0.6257535621431797,0.0,0.0,0.0038834783884427,0.0989565449620388,123.3,84.022381067276,226.65581679344177,100.32835507392883
83,inter,NKI-TRT-20-6,NKI-RS-22-20,0.370261138400126,0.6500143163657828,0.6443672379406433,0.6612987141942301,0.6648725868468637,0.0,0.0,0.0059846333031032,0.0543342643945553,148.49,53.79072165489197,282.3658239841461,119.3126277923584
84,inter,MMRR-21-11,NKI-RS-22-1,0.3484312377912656,0.5800978384068433,0.5973503771680562,0.6134482968550219,0.6129161763790885,0.0,0.0,0.0014335410375014,0.0412431582321095,121.22,73.95728898048401,257.9717309474945,109.77347302436829
85,inter,NKI-RS-22-21,MMRR-21-11,0.3541725211917788,0.5935631366288963,0.6126128356915239,0.616479695867046,0.624225463524994,0.0,0.0,0.0009923096005953,0.0901399745032643,141.04,53.44097018241882,277.80918192863464,119.1652808189392
86,inter,NKI-RS-22-7,NKI-TRT-20-10,0.3314856996320107,0.6187160941010109,0.6361655043146748,0.6438622950062753,0.6310784806709719,0.0,0.0,0.0023126823646406,0.0722793424491989,137.17,52.56957697868347,293.0473976135254,119.42854189872742
87,inter,NKI-TRT-20-19,MMRR-21-12,0.3784164497170729,0.6399152998399958,0.6544247786049939,0.658330973727097,0.6573504273374944,0.0,0.0,0.0015394596496629,0.0533175224387125,148.47,80.89048886299133,288.6458990573883,118.99792695045473
88,inter,MMRR-21-10,NKI-RS-22-1,0.3600276475279677,0.5871940233895316,0.6084210427418325,0.6196981030038473,0.6108784384081901,0.0,0.0,0.000736604840967,0.0697671851369401,125.08,73.91642785072327,244.78953528404236,109.75318193435668
89,inter,NKI-TRT-20-10,NKI-RS-22-2,0.3802014488625819,0.6551820088403412,0.6732394008293549,0.677503065381419,0.6870936532834753,0.0,0.0,0.0007301437409644,0.0505792055627304,134.36,53.1871497631073,321.2649471759796,119.49017119407654
