random_step,pair,type,fixed_id,moving_id,dice_affine,dice_ants_live,dice_syn_current,dice_tvf_current,diff_syn_vs_ants,diff_tvf_vs_ants,ants_fold_brain_pct,ants_min_jac,syn_fold_brain_pct,syn_min_jac,tvf_fold_brain_pct,tvf_min_jac,time_affine_s,time_ants_s,time_syn_s,time_tvf_s,total_pair_time_s,timestamp,dice_syngs,syngs_fold_brain_pct,syngs_min_jac,time_syngs_s,diff_syngs_vs_ants,dice_greedy,greedy_fold_brain_pct,greedy_min_jac,time_greedy_s,diff_greedy_vs_ants
1,58,inter,NKI-RS-22-3,NKI-TRT-20-14,0.3771281622602989,0.6368645670496631,0.663234572569289,0.666865443981101,0.0263700055196258,0.0300008769314379,0.0,0.0927711650729179,0.005085286750664,0.0,0.0002163951808793,0.0,5.8517961502075195,145.79454612731934,51.14255332946777,277.3855972290039,475.9705629348755,2026-09-19T19:35:03.926084,0.6493411274158382,0.0019475566279138,0.0,122.80468416213988,0.012476560366175,0.6417664324330938,0.0,0.0004889374831691384,13.971897840499878,0.004901865383430737
2,10,intra,NKI-TRT-20-11,NKI-TRT-20-10,0.3374086918595159,0.5928193847300747,0.6145926224781999,0.6194356862050697,0.0217732377481252,0.026616301474995,0.0,0.1100869923830032,0.0044538154521078,0.0,0.0018220154122259,0.0,5.537726402282715,129.33143615722656,48.67210030555725,267.31436228752136,448.2684118747711,2026-09-19T19:42:32.286331,0.5905602387648523,0.0012146769414839,0.0,122.99240279197691,-0.0022591459652223,0.5957628013641612,0.0,0.001680067041888833,13.779873847961426,0.002943416634086482
3,42,inter,MMRR-21-10,NKI-RS-22-11,0.3659443545785197,0.6215448668401928,0.6514328146311859,0.6471579807024741,0.029887947790993,0.0256131138622812,0.0,0.0742572471499443,0.0009470633669575,0.0,0.0002104585259905,0.0,5.219931125640869,114.2558891773224,45.69515919685364,232.95259523391724,394.8125100135803,2026-09-19T19:49:07.188040,0.6274678365685407,0.0,0.0097629381343722,113.18445324897766,0.0059229697283478,0.628640078772616,0.0017888974709198932,0.0,12.287225008010864,0.007095211932423129
4,1,intra,OASIS-TRT-20-16,OASIS-TRT-20-17,0.3478007991379199,0.6114690624184224,0.6340449254474663,0.6520777633934239,0.0225758630290439,0.0406087009750015,0.0,0.0773360580205917,0.0017133815095898,0.0,0.0057448674145073,0.0,5.058654308319092,115.22750639915466,57.98727226257324,222.5629994869232,397.64822793006897,2026-09-19T19:55:44.937409,0.6203420456196593,0.001511807214344,0.0,103.30760407447816,0.0088729832012369,0.6061979415190318,0.0004031485904917405,0.0,11.630290985107422,-0.0052711208993905245
5,72,inter,NKI-TRT-20-15,NKI-RS-22-9,0.4189487257716729,0.6694207820980693,0.6941646564506885,0.6936615700882739,0.0247438743526191,0.0242407879902045,0.0,0.0912078693509101,0.0024208581135059,0.0,0.0027666949868639,0.0,5.502017974853516,130.26883387565613,51.01717495918274,260.50980281829834,444.69343614578247,2026-09-19T20:03:09.735392,0.6912747163127835,0.0,0.0108820563182234,122.85507893562315,0.0218539342147141,0.6772005377857818,0.0002305579155719969,0.0,13.683136940002441,0.007779755687712497
6,66,inter,MMRR-21-2,OASIS-TRT-20-14,0.3487691302986994,0.6247326996328306,0.6445377362027431,0.648014249023644,0.0198050365699125,0.0232815493908133,0.0,0.1202432736754417,0.000932040282781,0.0,0.0020970906362572,0.0,5.099518775939941,121.0962827205658,44.35190272331238,227.11810684204104,394.9277188777923,2026-09-19T20:09:44.763355,0.6368569410772505,0.000932040282781,0.0,113.23480296134947,0.0121242414444199,0.6282459170590659,0.0,0.0008821524097584188,12.493015766143799,0.0035132174262352267
7,15,intra,NKI-TRT-20-16,NKI-TRT-20-18,0.3625706163059345,0.6283927324828897,0.6538871433392037,0.6585597737431768,0.0254944108563139,0.030167041260287,0.0,0.0882358327507972,0.0286280092239971,0.0,0.0007003794305565,0.0,5.55527400970459,136.14013600349426,58.1395583152771,286.8320620059967,484.23314785957336,2026-09-19T20:17:49.086983,0.6369632370269612,0.0007003794305565,0.0,123.07430601119997,0.0085705045440714,0.62616178150286,0.0,0.0002951589704025537,14.182507991790771,-0.002230950980029789
8,26,intra,NKI-RS-22-8,NKI-RS-22-5,0.3726556405919979,0.6432007498838375,0.6687513936305293,0.6732064304114069,0.0255506437466918,0.0300056805275694,0.0,0.1101754829287529,0.0423815640196514,0.0,0.0040982172754851,0.0,5.46372127532959,131.23580145835876,59.97746539115906,333.0380403995514,527.2371218204498,2026-09-19T20:26:36.411535,0.6492826324510178,0.0013993912647998,0.0,122.96141695976256,0.0060818825671803,0.6452456840139703,0.00019991303782854457,0.0,14.155227899551392,0.002044934130132847
9,40,inter,NKI-RS-22-6,OASIS-TRT-20-7,0.3282764633948402,0.5946193641141652,0.6258972024254821,0.6335814705181386,0.0312778383113169,0.0389621064039734,0.0,0.087308645248413,0.0079974791945578,0.0,0.0016794706308571,0.0,5.615375995635986,130.8596167564392,57.18179202079773,280.9075560569763,472.20989298820496,2026-09-19T20:34:28.718778,0.6096102327925652,0.0011196470872381,0.0,123.56107711791992,0.0149908686784,0.5988082737284033,0.0,0.0019115940667688847,13.774909019470215,0.004188909614238123
10,32,intra,NKI-TRT-20-9,NKI-TRT-20-2,0.3366622915054569,0.5885897704029417,0.6160323543676778,0.6171881960740424,0.027442583964736,0.0285984256711007,0.0,0.0922220647335052,0.0012689523318056,0.0,0.0057102854931254,0.0,5.515553951263428,134.57303881645203,63.551528215408325,255.02189874649048,455.74235796928406,2026-09-19T20:42:04.554237,0.5976644941715334,0.0008459682212037,0.0,123.12610268592834,0.0090747237685917,0.5867110632288873,0.0003172380829514139,0.0,13.714663028717041,-0.0018787071740543615
11,45,inter,MMRR-21-17,NKI-TRT-20-7,0.2950069895933636,0.5919883467139134,0.6173327734254062,0.6272019090781158,0.0253444267114927,0.0352135623642023,0.0,0.1320455819368362,0.0033208861600224,0.0,0.0019679325392725,0.0,5.630866289138794,114.82389545440674,45.69613742828369,245.8273184299469,406.7656879425049,2026-09-19T20:48:51.423755,0.5889625450615402,0.0,0.0355694815516471,113.14656519889832,-0.0030258016523732,0.5819340654148726,0.0007379747022272077,0.0,12.47206711769104,-0.010054281299040846
12,47,inter,NKI-RS-22-12,NKI-TRT-20-18,0.4026121139468489,0.6546897450465298,0.6777757032554212,0.6713139363907138,0.0230859582088914,0.016624191344184,0.0,0.079222522675991,0.0014528196808639,0.0,0.0010654010993002,0.0,5.590968132019043,127.22242999076845,45.63422894477844,272.53477907180786,447.9466052055359,2026-09-19T20:56:19.458151,0.6696158069751227,0.0005811278723455,0.0,123.10930466651917,0.0149260619285929,0.648795073584058,0.0,0.00038788243546150625,13.727933883666992,-0.005894671462471801
13,67,inter,OASIS-TRT-20-17,NKI-RS-22-22,0.3367760414588944,0.6052003660063383,0.6280287540225462,0.6272021009880544,0.0228283880162079,0.022001734981716,0.0,0.0862888842821121,0.0149104735166351,0.0,0.0030002782076156,0.0,5.005712270736694,118.25385856628418,57.64827013015747,228.4833452701569,406.74241614341736,2026-09-19T21:03:06.308991,0.6056211015122832,0.0009091752144289,0.0,104.07522678375244,0.0004207355059449,0.5856680257153111,0.0,0.00011350814020261168,11.709313869476318,-0.01953234029102724
14,19,intra,OASIS-TRT-20-11,OASIS-TRT-20-8,0.3669400090365189,0.6285915319158553,0.6532523335362637,0.6564670886288193,0.0246608016204084,0.027875556712964,0.0,0.1001701205968856,0.007516740042286,0.0,0.0044576016529835,0.0,5.105569124221802,114.81625032424928,58.05159020423889,230.45823335647583,405.22750306129456,2026-09-19T21:09:51.631167,0.6406264639577637,0.0004370197699003,0.0,103.2265362739563,0.0120349320419084,0.6202940276634583,0.0001748079079601403,0.0,11.598880052566528,-0.008297504252396948
15,59,inter,NKI-RS-22-4,OASIS-TRT-20-11,0.3486892641733334,0.5864999349052573,0.6168646899614811,0.6233203253347794,0.0303647550562238,0.0368203904295221,0.0,0.0811498165130615,0.0042950060012947,0.0,0.0028893676735982,0.0,5.4231297969818115,144.5855016708374,57.21452188491821,268.712121963501,474.8009510040283,2026-09-19T21:17:46.522416,0.6077507748529993,0.0009370922184643,0.0,123.36329197883606,0.021250839947742,0.5835540407109382,0.0,0.001537260483019054,13.743440866470337,-0.002945894194319121
16,55,inter,NKI-RS-22-2,OASIS-TRT-20-8,0.3221308997073256,0.6046705646866269,0.6253608147767964,0.6388856188908961,0.0206902500901694,0.0342150542042691,0.0,0.1181994602084159,0.0102671161381953,0.0,0.0024598299081093,0.0,5.88463020324707,155.17934346199036,56.83539915084839,277.6262171268463,491.3290131092071,2026-09-19T21:25:57.954466,0.6052188557306221,0.0014972877701534,0.0,123.36273312568665,0.0005482910439951,0.5826265863228043,0.0006416947586372114,0.0,13.794968843460083,-0.02204397836382266
17,62,inter,OASIS-TRT-20-5,MMRR-21-11,0.3471520082021157,0.5775756944202187,0.6084237320180097,0.601946002529447,0.0308480375977909,0.0243703081092282,0.0,0.1076692417263984,0.0114216195683493,0.0,0.0004326371048617,0.0,5.058899164199829,109.80729150772096,57.37660813331604,205.76828336715695,374.75896096229553,2026-09-19T21:32:12.800907,0.593220585293623,0.0037206791018107,0.0,103.95091509819032,0.0156448908734042,0.5758889891690248,0.004153316206672476,0.0,11.77114486694336,-0.001686705251193965
18,70,inter,NKI-TRT-20-4,NKI-RS-22-22,0.386969496965528,0.6455469885182321,0.6708216751280329,0.6747641928737027,0.0252746866098008,0.0292172043554705,0.0,0.0830988138914108,0.0016451888870393,0.0,0.0009677581688467,0.0,5.447218894958496,130.66578459739685,48.020357847213745,260.4884169101715,441.96658992767334,2026-09-19T21:39:34.854975,0.6584305510031634,0.0042581359429254,0.0,123.2013750076294,0.0128835624849312,0.6380934779910129,0.0031936019571941207,0.0,13.67989993095398,-0.007453510527219209
19,51,inter,NKI-RS-22-13,NKI-TRT-20-8,0.2998022065569487,0.5690736265776282,0.5803990215455515,0.5912084300969327,0.0113253949679232,0.0221348035193045,0.0,0.1278481632471084,0.0058640989093972,0.0,0.000957403903575,0.0,5.43411922454834,127.0382912158966,49.011261224746704,271.00915145874023,449.5403609275818,2026-09-19T21:47:04.493632,0.5669652745512833,0.0,0.0192284397780895,123.17613887786864,-0.0021083520263448,0.5725691735206054,0.0,0.0017544216243550181,13.64212417602539,0.003495546942977268
20,56,inter,OASIS-TRT-20-5,NKI-TRT-20-6,0.3284869447487154,0.6177327053535808,0.6449182156860487,0.6428817605201459,0.0271855103324678,0.025149055166565,0.0,0.0879624113440513,0.0045859533115341,0.0,0.0012113838936128,0.0,5.018710136413574,118.78301215171814,57.337576389312744,223.89949798583984,402.0893461704254,2026-09-19T21:53:46.677970,0.6251541406144617,0.006316501730981,0.0,103.9683802127838,0.0074214352608809,0.6142763655714272,0.0,0.005410018842667341,11.724231004714966,-0.00345633978215365
21,49,inter,NKI-RS-22-15,OASIS-TRT-20-7,0.3466963901482001,0.6407792923106364,0.6554206931314597,0.6708486706399751,0.0146414008208233,0.0300693783293387,0.0,0.1077025607228279,0.0089498584182119,0.0,0.0006629524754231,0.0,5.43217396736145,128.14888405799866,54.84972906112671,268.44451808929443,454.9468569755554,2026-09-19T22:01:21.712725,0.6414875062772938,0.0001657381188557,0.0,123.28147101402284,0.0007082139666574,0.6364617602210698,0.0,0.0014786653919145465,13.751112222671509,-0.004317532089566534
22,85,inter,NKI-RS-22-21,MMRR-21-11,0.3433908392720955,0.585171046895548,0.6142605307691636,0.6087606658587725,0.0290894838736156,0.0235896189632245,0.0,0.1061445698142051,0.010518481766311,0.0,0.0,0.0365281291306018,5.448137998580933,126.75161290168762,55.235360622406006,261.7236981391907,446.5502209663391,2026-09-19T22:08:48.353260,0.5964143452510975,0.0052592408831555,0.0,122.93152594566344,0.0112432983555494,0.5813234323747737,0.0,0.00039812305476516485,13.76375699043274,-0.0038476145207743118
23,79,inter,NKI-TRT-20-14,NKI-RS-22-22,0.3418201120859728,0.6260048651327913,0.6561102423229421,0.6529742086920659,0.0301053771901508,0.0269693435592746,0.0,0.1043059006333351,0.0043539391467978,0.0,0.004247745509071,0.0,5.451685190200806,133.30860805511475,51.63645696640015,263.0324811935425,450.9059100151062,2026-09-19T22:16:19.371052,0.6287465476946578,0.0003185809131803,0.0,123.23966431617735,0.0027416825618664,0.6148726126138659,0.0020176791168087537,0.0,13.714938879013062,-0.011132252518925356
24,63,inter,OASIS-TRT-20-15,NKI-TRT-20-6,0.3295251820467259,0.5985835166185349,0.6205312833107446,0.6295551563587225,0.0219477666922096,0.0309716397401875,0.0,0.0955423340201377,0.008083546218506,0.0,0.0021039366870084,0.0,5.044579982757568,112.952476978302,54.33810782432556,232.54827499389648,401.5151538848877,2026-09-19T22:23:00.982317,0.6012116428752001,0.0016610026476382,0.0,103.66206169128418,0.0026281262566651,0.5912876401799823,0.0015502691377956724,0.0,11.795941829681396,-0.007295876438552673
25,33,intra,MMRR-21-6,MMRR-21-16,0.3415849047496825,0.5932492320506695,0.6191567535100848,0.6326008202578619,0.0259075214594153,0.0393515882071924,0.0,0.0947065576910972,0.0005205832093694,0.0,0.0023426244421625,0.0,5.106322765350342,113.62856268882751,44.61524176597595,227.57741475105288,387.3859519958496,2026-09-19T22:29:28.456793,0.6074075782709729,0.0016918954304507,0.0,112.4018988609314,0.0141583462203034,0.5912598906595544,0.0,0.0010043121874332428,12.28905701637268,-0.0019893413911150626
26,8,intra,MMRR-21-8,MMRR-21-14,0.375067969671758,0.5984077504335619,0.6317617862564291,0.6225053440189628,0.0333540358228672,0.0240975935854009,0.0,0.1385414153337478,0.0003690291090161,0.0,0.0007380582180322,0.0,5.166632890701294,129.24539279937744,41.663333892822266,232.60970997810364,404.8195309638977,2026-09-19T22:36:13.363532,0.6246459727567897,0.0022141746540967,0.0,112.41834998130798,0.0262382223232278,0.6023392907732864,0.013162038221574917,0.0,12.230327129364014,0.003931540339724537
27,37,intra,NKI-TRT-20-2,NKI-TRT-20-17,0.3621003557998251,0.6041232378690238,0.6256041495769685,0.6316431900789227,0.0214809117079447,0.0275199522098988,0.0,0.0823025777935981,0.0030501190008549,0.0,0.0010167063336183,0.0,5.559203147888184,131.58065819740295,51.9003791809082,269.069904088974,455.50419092178345,2026-09-19T22:43:48.963776,0.6162270042498161,0.0001848556970215,0.0,122.93879222869872,0.0121037663807923,0.6021741599495993,0.0,0.0007211323245428503,13.722389936447144,-0.0019490779194244467
28,71,inter,NKI-TRT-20-3,NKI-RS-22-22,0.3580106212134186,0.6040534971357482,0.6290636263500918,0.6315136921122502,0.0250101292143436,0.0274601949765019,0.0,0.0958439856767654,0.0187057302681353,0.0,0.0026211851331145,0.0,5.497729063034058,130.6438980102539,51.7926299571991,273.2932062149048,457.8330340385437,2026-09-19T22:51:26.885779,0.6086093745755083,0.0009531582302234,0.0,122.49814677238464,0.0045558774397601,0.6064674566376413,0.0,0.0044746859930455685,13.805929899215698,0.0024139595018931592
29,30,intra,MMRR-21-2,MMRR-21-15,0.3266768871756884,0.5918254415885679,0.6152369157011777,0.6257641809845905,0.0234114741126097,0.0339387393960226,0.0,0.0787099972367286,0.0004660201413905,0.0,0.0006990302120857,0.0,5.163164138793945,115.82413506507874,43.39352488517761,218.3185877799988,379.0883858203888,2026-09-19T22:57:46.063758,0.6112429918088026,0.0019805856009096,0.0,112.47662615776062,0.0194175502202347,0.5828760731231837,0.0,0.004608816467225552,12.240127801895142,-0.008949368465384189
30,43,inter,OASIS-TRT-20-12,NKI-TRT-20-10,0.3294623711419779,0.6186999331051563,0.6420633067686059,0.6410693777412622,0.0233633736634496,0.0223694446361059,0.0,0.0999074503779411,0.0159676488008481,0.0,0.0018567033489358,0.0,5.101034164428711,131.2049322128296,57.038520097732544,224.48837304115295,414.5424630641937,2026-09-19T23:04:40.716336,0.6153893559335264,0.0022280440187229,0.0,103.61787295341492,-0.0033105771716298,0.6122731601059248,0.002135208851276205,0.0,11.710376262664795,-0.006426772999231445
31,61,inter,OASIS-TRT-20-8,NKI-RS-22-6,0.3524981379238431,0.6149380279963454,0.6365980951790464,0.6426787880129803,0.0216600671827009,0.0277407600166348,0.0,0.0977203398942947,0.013034632451701,0.0,0.0043448774839003,0.0,5.051347970962524,115.57303380966188,54.296005964279175,216.26101422309875,387.82798290252686,2026-09-19T23:11:08.631715,0.6175862254517448,0.0030225234670611,0.0,103.55918502807616,0.0026481974553993,0.6077169335413406,0.00018890771669131912,0.0,11.73770809173584,-0.007221094455004851
32,41,inter,MMRR-21-2,NKI-TRT-20-18,0.3340704083068621,0.6088947678688866,0.6390760913520601,0.6366430581157743,0.0301813234831734,0.0277482902468876,0.0,0.0715357363224029,0.0046602014139051,0.0,0.0006990302120857,0.0,5.241224050521851,118.09077095985413,44.153661012649536,249.5007131099701,413.2332217693329,2026-09-19T23:18:01.956978,0.6220101389049357,0.0016310704948667,0.0,112.6583251953125,0.013115371036049,0.6149292208544738,0.0,0.0003176588797941804,12.258156061172485,0.006034452985587135
33,39,intra,MMRR-21-17,MMRR-21-11,0.3040612361231614,0.5593951526967452,0.587166366763127,0.5858636383390936,0.0277712140663817,0.0264684856423483,0.0,0.1036752164363861,0.0044278482133632,0.0,0.0038128692948405,0.0,5.14270806312561,116.10198879241943,43.23291110992432,240.0781211853027,401.1285128593445,2026-09-19T23:24:43.173780,0.5802458036022866,0.0060267934015221,0.0,112.64802193641664,0.0208506509055413,0.5525769523851334,0.0008609704859317423,0.0,12.37903094291687,-0.006818200311611844
34,88,inter,MMRR-21-10,NKI-RS-22-1,0.3495388712335008,0.5883886887976534,0.6194843558587235,0.6171000273575414,0.0310956670610701,0.028711338559888,0.0,0.1250306814908981,0.0109438433515099,0.0,0.0012627511559434,0.0,5.160979986190796,113.07206106185912,50.405465841293335,231.03975224494937,396.33018589019775,2026-09-19T23:31:19.600648,0.6024740479368025,0.0004209170519811,0.0,112.62047719955444,0.0140853591391491,0.5767662403640824,0.0,0.0007729314384050667,12.25504183769226,-0.011622448433570964
35,46,inter,NKI-RS-22-12,OASIS-TRT-20-3,0.353108376111881,0.6167937288170668,0.6370260868219075,0.6481595047954787,0.0202323580048406,0.0313657759784118,0.0,0.1119182258844375,0.0062955519504104,0.0,0.0019370929078185,0.0,5.47778582572937,131.26095867156982,56.779255628585815,261.4079120159149,452.49702501297,2026-09-19T23:38:52.187666,0.6122324421102366,0.0023245114893823,0.0,125.23054313659668,-0.0045612867068302,0.6062069021066009,0.0,0.005962751805782318,13.730963945388794,-0.010586826710465957
36,77,inter,OASIS-TRT-20-5,MMRR-21-8,0.3174868617115873,0.5969320613729112,0.608997391966015,0.629928258677279,0.0120653305931037,0.0329961973043677,0.0,0.1032584086060524,0.0410139975408907,0.0,0.0016440209984745,0.0,5.053903102874756,114.07136011123656,57.95539712905884,233.66138219833377,407.5100140571594,2026-09-19T23:45:39.787525,0.585399833055554,0.0038937339437554,0.0,104.5694818496704,-0.0115322283173572,0.5714121549637216,0.000778746788751089,0.0,11.752728700637817,-0.025519906409189663
37,12,intra,MMRR-21-9,MMRR-21-2,0.3340263672012284,0.6006835217804293,0.6247961676075354,0.6260323774862373,0.0241126458271061,0.025348855705808,0.0,0.1015687882900238,0.0005117465012531,0.0,0.0003838098759398,0.0,5.181245803833008,114.66717672348022,41.28949165344238,230.14760494232175,387.4549508094787,2026-09-19T23:52:07.330071,0.609053443006164,0.0007676197518797,0.0,112.97055077552795,0.0083699212257347,0.6015092879770221,0.0,0.002004507463425398,12.24067997932434,0.0008257661965928031
38,36,intra,OASIS-TRT-20-12,OASIS-TRT-20-7,0.3533604575237314,0.6184085509322035,0.6421834339279877,0.6476636396518024,0.0237748829957842,0.0292550887195989,0.0,0.0964369848370552,0.0065912968887221,0.0,0.0030635605257441,0.0,5.040158033370972,115.33489418029784,56.19292402267456,215.4375910758972,388.6440896987915,2026-09-19T23:58:36.062138,0.6313755668058534,0.0007426813395743,0.0,102.98800897598268,0.0129670158736499,0.6176154128512751,0.0005570110046807491,0.0,11.617541074752808,-0.0007931380809284017
39,23,intra,NKI-RS-22-19,NKI-RS-22-17,0.3307478636739265,0.5946769632149786,0.6154031656231229,0.6300453211280437,0.0207262024081442,0.035368357913065,0.0,0.1160416528582573,0.0040462811563649,0.0,0.000726255592168,0.0,5.521277904510498,128.3269021511078,51.00504493713379,263.7290549278259,445.4481589794159,2026-09-20T00:06:01.601023,0.5966717735268671,0.0036312779608402,0.0,123.0777039527893,0.0019948103118884,0.5957786470664491,0.0,0.0038256614934653044,13.796721935272217,0.0011016838514704697
40,18,intra,OASIS-TRT-20-6,OASIS-TRT-20-1,0.3450565123899315,0.6354517297132654,0.6547204646511708,0.6641578596250717,0.0192687349379054,0.0287061299118063,0.0,0.0651493445038795,0.0050148026227417,0.0,0.0032238016860482,0.0,5.094430208206177,111.80087614059448,57.67663502693176,222.9553861618042,394.2473111152649,2026-09-20T00:12:35.937416,0.6449466257474328,0.0029551515455442,0.0,103.40504598617554,0.0094948960341674,0.6252649043612861,0.0,0.005203693173825741,11.68081784248352,-0.010186825351979234
41,65,inter,OASIS-TRT-20-20,NKI-RS-22-7,0.3263040766086317,0.5943222791791103,0.6152684598833229,0.6239630672515072,0.0209461807042126,0.0296407880723968,0.0,0.1281758248805999,0.0015700378169775,0.0,0.0063848204557087,0.0,5.0106141567230225,113.05013227462769,56.20331811904907,238.78523230552673,409.6400890350342,2026-09-20T00:19:25.668120,0.5979566462498845,0.0007326843145895,0.0,103.98084902763368,0.0036343670707742,0.5775221503059187,0.0,0.0029535137582570314,11.742422819137573,-0.0168001288731916
42,68,inter,NKI-RS-22-7,OASIS-TRT-20-11,0.314183727900079,0.5902541789412155,0.618953469447525,0.6300368729720212,0.0286992905063095,0.0397826940308057,0.0,0.0973521023988723,0.0021199588342539,0.0,0.0016381500082871,0.0,5.514628887176514,131.71204590797424,52.71336889266968,297.11162877082825,484.70622515678406,2026-09-20T00:27:30.462944,0.5910772741706649,0.0011563411823203,0.0,123.26146197319032,0.0008230952294494,0.5915893288844727,0.0,0.004270162899047136,13.766409873962402,0.00133514994325723
43,52,inter,MMRR-21-14,OASIS-TRT-20-20,0.3367874552071481,0.5977256061898637,0.6271347623435097,0.630297774442149,0.029409156153646,0.0325721682522852,0.0,0.1301203668117523,0.0026178010471204,0.0,0.0007139457401237,0.0,5.100265026092529,111.10713315010072,39.62099385261536,244.1354730129242,396.56033086776733,2026-09-20T00:34:07.110778,0.6114050312644495,0.000832936696811,0.0,113.17921209335329,0.0136794250745857,0.6148096076216792,0.0,0.0022652065381407738,12.2012460231781,0.017084001431815543
44,7,intra,MMRR-21-12,MMRR-21-20,0.3079038876350441,0.5969700754002356,0.6249008322301346,0.6254281700766018,0.0279307568298989,0.0284580946763661,0.0,0.1220233291387558,0.0,0.0305570773780345,0.0009339108638115,0.0,5.163104057312012,114.84771299362184,40.519728899002075,235.53550744056705,391.42875504493713,2026-09-20T00:40:38.639703,0.5948979489022159,0.0005603465182869,0.0,112.51479411125185,-0.0020721264980196,0.5854221906108782,0.0,0.003361404873430729,12.2024507522583,-0.011547884789357421
45,34,intra,OASIS-TRT-20-16,OASIS-TRT-20-13,0.3555119936187512,0.6297215800830163,0.6535140006566722,0.6569411723180032,0.0237924205736559,0.0272195922349869,0.0,0.1084258258342742,0.0009070843286064,0.0,0.0070551003336054,0.0,5.072176218032837,108.01211524009705,57.030152320861816,225.62439441680908,392.2294719219208,2026-09-20T00:47:10.967509,0.6382170213089803,0.0016125943619669,0.0,103.05949091911316,0.008495441225964,0.6112381767160452,0.00010078714762293513,0.0,11.605791091918945,-0.018483403366971074
46,73,inter,NKI-TRT-20-3,OASIS-TRT-20-1,0.3420396488764218,0.6190257392232661,0.634365917667015,0.6484915723383422,0.0153401784437489,0.0294658331150761,0.0,0.0742143765091896,0.001668026902891,0.0,0.0029786194694483,0.0,5.45432186126709,126.02598190307616,48.73142099380493,254.98076701164248,432.0217900276184,2026-09-20T00:54:23.082344,0.6283990543639383,0.0,0.0241885688155889,122.752699136734,0.0093733151406721,0.6086770029358285,0.0,0.0068667191080749035,13.692324161529541,-0.010348736287437599
47,2,intra,NKI-TRT-20-10,NKI-TRT-20-4,0.3499490314633465,0.6472627419325604,0.6808883856370818,0.6855721542168692,0.0336256437045213,0.0383094122843088,0.0,0.1349251419305801,0.0076665092801269,0.0,0.0040157905753045,0.0,5.554574251174927,122.98063826560974,48.52327513694763,261.50295639038086,435.30997371673584,2026-09-20T01:01:38.480802,0.6545686426671684,0.0034073374578341,0.0,124.1967282295227,0.007305900734608,0.6532114265982344,0.0,0.002199341543018818,13.727393865585327,0.005948684665673998
48,16,intra,OASIS-TRT-20-15,OASIS-TRT-20-16,0.3483071216273523,0.5945053614077886,0.6174632013630229,0.6295673069901642,0.0229578399552342,0.0350619455823755,0.0,0.1163910254836082,0.0026576042362211,0.0,0.0027683377460637,0.0,5.074520826339722,111.87665557861328,45.602967739105225,229.83204579353333,388.4492630958557,2026-09-20T01:08:07.017918,0.608582791973654,0.0029898047657487,0.0,104.24492502212524,0.0140774305658653,0.5877133273041039,0.0,0.0009682727395556867,11.583444118499756,-0.006792034103684785
49,38,intra,NKI-RS-22-14,NKI-RS-22-21,0.3368923600091035,0.6139144159323086,0.6572108550870089,0.6440923939991863,0.0432964391547003,0.0301779780668777,0.0,0.0655409544706344,0.0050890261512331,0.0,0.0026505344537672,0.0,5.561351776123047,130.5143678188324,63.74965262413025,267.40312576293945,464.2134909629822,2026-09-20T01:15:51.322670,0.6229323296980156,0.0018023634285617,0.0,122.55610609054564,0.009017913765707,0.6184457829611419,0.0,0.0019656941294670105,13.7236328125,0.0045313670288333885
50,50,inter,MMRR-21-15,OASIS-TRT-20-18,0.3323320089881605,0.5736610834198582,0.6145257121007675,0.6185568463766296,0.0408646286809092,0.0448957629567713,0.0,0.1082846820354461,0.0019487783108769,0.0,0.0032479638514615,0.0,5.087615966796875,112.07052206993104,49.01117110252381,233.15112900733948,396.0805289745331,2026-09-20T01:22:27.490831,0.5872705015684947,0.0009094298784092,0.0,113.1786971092224,0.0136094181486364,0.5735435947549159,0.003118045297403058,0.0,12.272225856781006,-0.00011748866494232235
51,22,intra,NKI-RS-22-22,NKI-RS-22-6,0.3536169848301303,0.6210871690931364,0.6509461096074776,0.6592521056016503,0.0298589405143411,0.0381649365085138,0.0,0.1182317361235618,0.0020791978699229,0.0,0.00171228059876,0.0,5.433603048324585,127.52337622642516,47.098135232925415,275.7668161392212,452.8838257789612,2026-09-20T01:30:00.469970,0.6443452835215067,0.0024461151410858,0.0,122.51378107070924,0.0232581144283702,0.6238078635618015,0.0,0.0044016167521476746,13.68201994895935,0.0027206944686650747
52,78,inter,NKI-RS-22-2,OASIS-TRT-20-14,0.3421026020066166,0.6082451828220656,0.6367316418810818,0.6487038378541927,0.0284864590590161,0.040458655032127,0.0,0.0895606130361557,0.0036362702989441,0.0,0.0047057615633395,0.0,5.438385248184204,130.94271516799927,46.168039321899414,255.5312261581421,435.5517520904541,2026-09-20T01:37:16.145694,0.6202094504220261,0.0013903386437139,0.0,122.78941202163696,0.0119642675999604,0.6086388206653867,0.0,0.00347470142878592,13.720492124557495,0.00039363784332102636
53,24,intra,MMRR-21-14,MMRR-21-2,0.3121533462297171,0.5802586217789178,0.6068133769146709,0.6098875830959047,0.026554755135753,0.0296289613169868,0.0,0.127345398068428,0.0038077106139933,0.0,0.0005949547834364,0.0,5.155548095703125,114.3846960067749,43.24587321281433,240.96664714813232,400.052699804306,2026-09-20T01:43:56.290648,0.5860588806150804,0.0005949547834364,0.0,112.87910294532776,0.0058002588361625,0.5790004275813675,0.0007139457401237506,0.0,12.220731735229492,-0.0012581941975503552
54,5,intra,NKI-TRT-20-20,NKI-TRT-20-11,0.3220036208496305,0.6057256028873023,0.6273670953826439,0.6335364747475383,0.0216414924953416,0.027810871860236,0.0,0.1142873838543891,0.0012506748433008,0.0,0.0013548977469092,0.0,5.662455081939697,132.94511222839355,47.347477436065674,293.32874512672424,475.78387784957886,2026-09-20T01:51:52.163463,0.5978827831435201,0.0016675664577344,0.0,125.7009437084198,-0.0078428197437822,0.6063348411438636,0.0013548977469092698,0.0,13.755635976791382,0.0006092382565613397
55,6,intra,MMRR-21-17,MMRR-21-3,0.2910048386975239,0.57963584363804,0.6139054164906066,0.6200802790455606,0.0342695728525666,0.0404444354075206,0.0,0.1393490880727768,0.0013529536207498,0.0,0.0025829114577952,0.0,5.219477891921997,111.34395289421082,43.48629808425903,232.1278939247131,388.37949419021606,2026-09-20T01:58:20.638655,0.5983187160905066,0.0019679325392725,0.0,112.61864900588988,0.0186828724524665,0.5823555797153196,0.0,0.0001797263976186514,12.248844861984253,0.0027197360772795998
56,60,inter,OASIS-TRT-20-8,NKI-RS-22-15,0.3374566841348533,0.6118802955272904,0.6405962552489425,0.6503903607425219,0.028715959721652,0.0385100652152314,0.0,0.1129082962870597,0.0034003389004437,0.0,0.0023613464586414,0.0,5.084345817565918,111.40688395500185,54.339141607284546,217.04836177825928,384.34733486175537,2026-09-20T02:04:45.075088,0.6178190098923255,0.0044393313422459,0.0,104.12974715232848,0.0059387143650351,0.6191264663284384,0.00037781543338263825,0.0,11.725274801254272,0.0072461708011479775
57,48,inter,OASIS-TRT-20-12,NKI-TRT-20-7,0.358720825554718,0.5978019927073739,0.6180893661519933,0.6218422889210167,0.0202873734446193,0.0240402962136427,0.0,0.1051762178540229,0.0031563956931909,0.0,0.0022280440187229,0.0,5.0164690017700195,113.24672102928162,57.42279410362244,214.6188840866089,387.34910893440247,2026-09-20T02:11:12.516926,0.6061536289864784,0.0016710330140422,0.0,103.85251522064208,0.0083516362791045,0.5961569390951932,0.0024137143536165796,0.0,11.706469058990479,-0.0016450536121807025
58,82,inter,OASIS-TRT-20-19,MMRR-21-11,0.356873293870306,0.5938407051182287,0.6066679449416148,0.6054420569303394,0.012827239823386,0.0116013518121106,0.0,0.1220308318734169,0.0035598551894058,0.0,0.0075512079775276,0.0,5.057791233062744,120.33098030090332,54.10258436203003,228.4488790035248,404.19421911239624,2026-09-20T02:17:56.803143,0.6058090424596401,0.0045307247865165,0.0,103.50141596794128,0.0119683373414113,0.571049169617865,0.0,0.007176706567406654,11.640241146087646,-0.022791535500363724
59,9,intra,OASIS-TRT-20-3,OASIS-TRT-20-10,0.3444515230546005,0.6373826723508149,0.6552318415761182,0.6626846868477556,0.0178491692253033,0.0253020144969406,0.0,0.1198025718331337,0.0051906619990636,0.0,0.0029946126917675,0.0,5.087171792984009,120.51106882095335,54.62570071220398,214.7154417037964,391.2743048667908,2026-09-20T02:24:28.173348,0.6446193509321538,0.0062886866527117,0.0,103.34641194343568,0.0072366785813389,0.6323879089920788,0.0,0.001562195597216487,11.580599069595337,-0.004994763358736165
60,83,inter,NKI-TRT-20-6,NKI-RS-22-20,0.366347937285024,0.6264915591333663,0.6456107585437864,0.6504280053782372,0.01911919941042,0.0239364462448709,0.0,0.1201221048831939,0.0020255681948964,0.0,0.0029462810107585,0.0,5.458096027374268,137.80134630203247,50.71408200263977,269.5324037075043,461.2426087856293,2026-09-20T02:32:09.505372,0.6381216857126859,0.0007365702526896,0.0,122.77003288269044,0.0116301265793196,0.615201888266333,0.0008286415342758364,0.0,13.736885786056519,-0.011289670867033252
61,21,intra,NKI-TRT-20-7,NKI-TRT-20-18,0.3661317269398436,0.6180204164894452,0.6482224009585908,0.6511179656317302,0.0302019844691456,0.033097549142285,0.0,0.0859568864107132,0.0043125149182928,0.0,0.0015043656691719,0.0,5.598417043685913,126.79262828826904,47.77409625053406,254.3157479763031,430.9496328830719,2026-09-20T02:39:20.542458,0.643380013468296,0.0018052388030063,0.0,123.50483775138856,0.0253595969788508,0.6381673590637902,0.0007020373122802372,0.0,13.666734218597412,0.020146942574345017
62,74,inter,NKI-TRT-20-7,NKI-RS-22-9,0.3828296389303113,0.6286787792989252,0.651067612503401,0.6533757159145714,0.0223888332044757,0.0246969366156462,0.0,0.0855097845196724,0.0020058208922292,0.0,0.0007020373122802,0.0,5.431680917739868,129.08187794685364,49.87871694564819,253.9390149116516,435.43393421173096,2026-09-20T02:46:36.077524,0.6426833147033055,0.002406985070675,0.0,123.15238285064696,0.0140045354043802,0.6352138700206811,0.0,0.0034084657672792673,13.696050882339478,0.006535090721755843
63,44,inter,NKI-TRT-20-2,MMRR-21-2,0.3278733781049253,0.5855835766046648,0.6148273992402298,0.6156389556041955,0.029243822635565,0.0300553789995307,0.0,0.103865772485733,0.0046213924255378,0.0,0.004159253182984,0.0,5.659382104873657,129.7940652370453,54.3298819065094,267.1910789012909,453.8171730041504,2026-09-20T02:54:09.992785,0.6002709226793156,0.0044365367285163,0.0,122.8677942752838,0.0146873460746508,0.5735488939335304,9.242784851075629e-05,0.0,13.633677005767822,-0.012034682671134389
64,20,intra,MMRR-21-20,MMRR-21-17,0.2960869425891202,0.5954046765181698,0.6223487157538599,0.6132484544120526,0.0269440392356901,0.0178437778938828,0.0,0.0874321460723877,0.0026594624783087,0.0,0.0004432437463847,0.0,5.1433117389678955,119.04404067993164,40.99512267112732,265.1612756252289,427.0302729606629,2026-09-20T03:01:17.112079,0.5942368068988703,0.0032135171612897,0.0,113.11259531974792,-0.0011678696192994,0.5690209489664265,0.00853244211790727,0.0,12.247117042541504,-0.02638372755174323
65,0,intra,OASIS-TRT-20-17,OASIS-TRT-20-16,0.3639046137842852,0.6205104254048,0.6496292591936523,0.657666528713606,0.0291188337888523,0.037156103308806,0.0,0.090455412864685,0.0360942560128302,0.0,0.00972817479439,0.0,4.976751804351807,118.63491082191469,57.74358081817627,224.89439463615415,403.2091817855835,2026-09-20T03:08:00.411133,0.6317154633977857,0.0005455051286573,0.0,103.35983514785768,0.0112050379929857,0.6167761262411281,0.0,0.0026138199027627707,11.612972021102905,-0.0037342991636718503
66,86,inter,NKI-RS-22-7,NKI-TRT-20-10,0.3250453901648995,0.6116098747024143,0.6296057634844366,0.6400436226115471,0.0179958887820222,0.0284337479091327,0.0,0.1198625415563583,0.0059744294419882,0.0,0.0,0.0388644523918628,5.446293830871582,126.595449924469,51.7429358959198,275.16061091423035,457.0378267765045,2026-09-20T03:15:37.541218,0.6055569415830698,0.0006745323563535,0.0,123.257061958313,-0.0060529331193445,0.6070903763084733,0.0,0.0015952785033732653,13.704812049865723,-0.004519498393941057
67,57,inter,NKI-RS-22-12,MMRR-21-7,0.3413315388999832,0.6160478822605922,0.6433210152796003,0.6468614738405318,0.0272731330190081,0.0308135915799396,0.0,0.1316013783216476,0.0060049880142376,0.0,0.0007748371631274,0.0,5.453222990036011,128.73423314094543,63.760215044021606,273.49719190597534,468.77427196502686,2026-09-20T03:23:26.422445,0.6273350993611448,0.001259110390082,0.0,123.2840383052826,0.0112872171005526,0.6137446184590819,0.0,0.0023964266292750835,13.570454120635986,-0.002303263801510247
68,84,inter,MMRR-21-11,NKI-RS-22-1,0.3373204540085119,0.5624984343136398,0.595686707176443,0.5981404639160384,0.0331882728628032,0.0356420296023985,0.0,0.1621284782886505,0.002030849803127,0.0,0.0008362322718758,0.0,5.136112928390503,110.70124697685242,45.698402881622314,237.01179695129397,394.86151099205017,2026-09-20T03:30:01.372481,0.5909975665028033,0.0007167705187507,0.0,113.1796772480011,0.0284991321891635,0.5593303100605282,0.0011946175312511945,0.0,12.23551630973816,-0.003168124253111526
69,53,inter,NKI-RS-22-2,NKI-TRT-20-1,0.3335997283709887,0.5848844474615599,0.6241980437568426,0.5975659138726214,0.0393135962952827,0.0126814664110614,0.0,0.1242693737149238,0.0057752528277349,0.0,0.0003208473793186,0.0,5.445518970489502,138.63248705863953,50.81423592567444,256.717830657959,448.8189520835877,2026-09-20T03:37:30.285570,0.5810171875641205,0.0013903386437139,0.0,123.17995691299438,-0.0038672598974394,0.591470444042915,0.0,0.003070047590881586,13.701653957366943,0.006585996581355169
70,89,inter,NKI-TRT-20-10,NKI-RS-22-2,0.3752109888199794,0.6464964386384815,0.6719458302990792,0.6744597418148371,0.0254493916605976,0.0279633031763556,0.0,0.1050292998552322,0.0021904312228934,0.0,0.0009735249879526,0.0,5.448557138442993,125.94077610969543,45.41842794418335,271.40402007102966,445.2335948944092,2026-09-20T03:44:55.608676,0.6609914781848685,0.0040157905753045,0.0,123.15998101234436,0.0144950395463869,0.6571229702848477,0.0,0.005635748617351055,13.71461796760559,0.010626531646366177
71,25,intra,NKI-TRT-20-11,NKI-TRT-20-16,0.3443816179719066,0.615401221496196,0.6519424993519582,0.6449597807219309,0.0365412778557622,0.0295585592257349,0.0,0.123333565890789,0.0025305769614248,0.0,0.0026318000398818,0.0,5.523693084716797,128.5395472049713,57.36177897453308,301.2735228538513,489.7313551902771,2026-09-20T03:53:05.430667,0.6277381113310738,0.0,0.0226646717637777,122.90895891189577,0.0123368898348777,0.6361245023687234,0.0012146769414839505,0.0,13.707690954208374,0.020723280872527394
72,76,inter,NKI-RS-22-4,MMRR-21-8,0.3506596055823235,0.5706945399585809,0.5982929997900026,0.596583549885011,0.0275984598314217,0.0258890099264301,0.0,0.1060418263077735,0.0165552958595361,0.0,0.0007809101820535,0.0,5.406613111495972,137.54258131980896,64.15379786491394,259.02582693099976,464.6754932403565,2026-09-20T04:00:50.198900,0.5848737056812173,0.0004685461092321,0.0,123.01970601081848,0.0141791657226364,0.5647664509418546,0.0,0.00043683225521817803,13.658314228057861,-0.005928089016726257
73,64,inter,NKI-RS-22-9,OASIS-TRT-20-15,0.3515349812543993,0.6252114120546535,0.64926728117106,0.6468698946058624,0.0240558691164065,0.0216584825512089,0.0,0.0874451771378517,0.0067039031241305,0.0,0.0029050246871232,0.0,5.473424911499023,146.56792497634888,51.76380372047424,279.7175061702728,481.15638875961304,2026-09-20T04:08:51.455111,0.6255136318745713,0.0074860251552791,0.0,123.57228088378906,0.0003022198199178,0.6116049109830013,0.000558658593677549,0.0,13.684031009674072,-0.013606501071652177
74,29,intra,OASIS-TRT-20-1,OASIS-TRT-20-11,0.3052293614678196,0.6222419238582361,0.6474502423264166,0.6539903010071301,0.0252083184681805,0.031748377148894,0.0,0.0782912969589233,0.0205423002261303,0.0,0.0029699711170308,0.0,5.047127962112427,116.86234474182127,57.51044297218323,235.6635539531708,412.218759059906,2026-09-20T04:15:43.767532,0.6297363387898463,0.0018149823492966,0.0,103.34482502937315,0.0074944149316101,0.6146563370684014,0.0,0.002038412494584918,11.645581722259521,-0.007585586789834675
75,27,intra,NKI-TRT-20-7,NKI-TRT-20-12,0.3508931041363625,0.609129345303197,0.6389021633562522,0.6379493721529669,0.0297728180530552,0.0288200268497699,0.0,0.1032571122050285,0.0029084402937324,0.0,0.0020058208922292,0.0,5.533559083938599,135.387629032135,52.03509974479675,256.40356612205505,446.5541439056397,2026-09-20T04:23:10.418933,0.6172289818580163,0.0028081492491209,0.0,123.0998888015747,0.0080996365548193,0.616146202450969,0.0,0.0009331574547104537,13.755910158157349,0.007016857147772004
76,80,inter,MMRR-21-4,NKI-RS-22-15,0.3516902422527693,0.6070924194454753,0.6273854381838826,0.6331442244556804,0.0202930187384072,0.026051805010205,0.0,0.1548645347356796,0.0012705009444057,0.0,0.0028233354320126,0.0,5.08919095993042,114.48720169067384,44.95664596557617,236.21367001533508,397.43794798851013,2026-09-20T04:29:47.946014,0.6184862658937946,0.0002823335432012,0.0,113.39242100715636,0.0113938464483193,0.6019389904958216,0.0,0.0021356637589633465,12.235716819763184,-0.00515342894965376
77,87,inter,NKI-TRT-20-19,MMRR-21-12,0.3683104436121259,0.6332554350903075,0.6576350624338917,0.6542465118203001,0.0243796273435842,0.0209910767299926,0.0,0.0740829333662986,0.0015394596496629,0.0,0.0016494210532103,0.0,5.455706834793091,131.8511507511139,56.06061673164368,253.19969391822815,444.32762384414673,2026-09-20T04:37:12.365721,0.6380072008953743,0.0026390736851365,0.0,122.55784702301024,0.0047517658050668,0.6247624072911716,0.0021992280709470977,0.0,13.591372728347778,-0.008493027799135855
78,4,intra,OASIS-TRT-20-12,OASIS-TRT-20-1,0.3410731607144128,0.6038940365327561,0.6252772950720074,0.6388636570357029,0.0213832585392512,0.0349696205029468,0.0,0.0923971906304359,0.0026922198559569,0.0,0.0028778901908505,0.0,5.216111898422241,124.51703786849976,57.576958894729614,222.9012668132782,406.6726109981537,2026-09-20T04:43:59.129702,0.6190851253720977,0.0016710330140422,0.0,103.42639994621275,0.0151910888393416,0.6004637582133511,0.0,0.0010902859503403306,11.592918872833252,-0.0034302783194050113
79,54,inter,MMRR-21-12,NKI-TRT-20-10,0.3365024232229456,0.6201650822547451,0.6349268103890042,0.6457051602302872,0.0147617281342591,0.0255400779755421,0.0,0.1124978438019752,0.0014942573820984,0.0,0.0052299008373444,0.0,5.128488779067993,113.3744819164276,39.17207956314087,225.69826102256775,379.47877192497253,2026-09-20T04:50:18.700154,0.622401583153017,0.0052299008373444,0.0,112.75287890434264,0.0022365008982718,0.612454954952699,0.0,0.0021012206561863422,12.19725489616394,-0.007710127302046121
80,75,inter,NKI-TRT-20-3,OASIS-TRT-20-8,0.3508676031434271,0.619889906290378,0.6367170348533377,0.6463950739405202,0.0168271285629597,0.0265051676501422,0.0,0.0832497030496597,0.0020254612392248,0.0,0.0027403299118924,0.0,5.416783332824707,128.0564374923706,45.45913743972778,249.78458833694455,426.082575082779,2026-09-20T04:57:24.873460,0.6261463852923044,0.0011914477877793,0.0,122.9367299079895,0.0062564790019263,0.6133792755692885,0.0,0.0011047892039641738,13.663695335388184,-0.006510630721089483
81,11,intra,NKI-RS-22-17,NKI-RS-22-1,0.3500216029676407,0.6044129338368477,0.6315552941932362,0.6360889816141014,0.0271423603563885,0.0316760477772537,0.0,0.1155390888452529,0.0054454622868876,0.0,0.0022532947394017,0.0,5.530588865280151,131.1020746231079,53.34746074676514,266.6445698738098,454.0333831310272,2026-09-20T05:04:59.002498,0.6241783572461954,0.0043188149171867,0.0,123.3551869392395,0.0197654234093477,0.6172955865843971,9.388728080840704e-05,0.0,13.710073947906494,0.012882652747549406
82,69,inter,OASIS-TRT-20-2,MMRR-21-18,0.3227013449839573,0.5978238372186506,0.6341560471843033,0.6300769173473715,0.0363322099656526,0.0322530801287208,0.0,0.0869206190109252,0.0459259372238194,0.0,0.0046603810835979,0.0,5.0194549560546875,114.69024300575256,57.48752999305725,232.6924729347229,406.8807291984558,2026-09-20T05:11:45.972619,0.6062546039572849,0.0013557472243193,0.0,103.7292618751526,0.0084307667386342,0.5919752591016125,0.000847342015199621,0.0,11.72272276878357,-0.005848578117038095
83,13,intra,OASIS-TRT-20-7,OASIS-TRT-20-15,0.3213095611470354,0.6109524950788143,0.6388593545242438,0.6289193509926774,0.0279068594454294,0.017966855913863,0.0,0.0796840637922287,0.0045032601005093,0.0,0.0043300577889512,0.0,5.061708688735962,118.33472490310668,57.707985639572144,233.03988003730777,410.804074048996,2026-09-20T05:18:36.866011,0.6214764090406499,0.0003464046231161,0.0,103.19100999832152,0.0105239139618356,0.6069962984463615,0.0,0.003200424602255225,11.563278198242188,-0.003956196632452835
84,17,intra,NKI-RS-22-12,NKI-RS-22-2,0.3927924624031254,0.6620319910100211,0.6822761754093365,0.6857945626658063,0.0202441843993154,0.0237625716557852,0.0,0.1441029608249664,0.0020339475532095,0.0,0.0038741858156371,0.0,5.527477979660034,144.50855994224548,54.11642289161682,276.5780248641968,477.7994968891144,2026-09-20T05:26:34.765589,0.6710485336285799,0.0011622557446911,0.0,122.74272990226746,0.0090165426185587,0.6595626317730042,9.685464539092956e-05,0.0,13.73000192642212,-0.002469359237016855
85,28,intra,NKI-RS-22-11,NKI-RS-22-20,0.3621880303158348,0.6177715856118793,0.6429284863728196,0.636973701736318,0.0251569007609403,0.0192021161244386,0.0,0.1306623220443725,0.0032135274995024,0.0,0.0053904332249718,0.0,5.525697946548462,129.10991215705872,52.56100606918335,267.56169295310974,451.70985293388367,2026-09-20T05:34:06.565210,0.6249954967109421,0.0005183108870165,0.0,123.31969809532166,0.0072239110990628,0.6118750866046525,0.0,0.0009208418778143823,13.762967824935913,-0.005896499007226774
86,31,intra,NKI-RS-22-19,NKI-RS-22-12,0.3569936065064967,0.6200014186144315,0.6403920986237519,0.6553269396081611,0.0203906800093204,0.0353255209937296,0.0,0.1151708588004112,0.0040462811563649,0.0,0.0021787667765041,0.0,5.566514253616333,123.66896939277648,43.80790424346924,263.61788630485535,433.4702761173248,2026-09-20T05:41:20.125440,0.6267696051697504,0.0013487603854549,0.0,122.90814113616943,0.0067681865553189,0.6374256651093512,0.015043865837766951,0.0,13.76803731918335,0.017424246494919693
87,35,intra,MMRR-21-14,MMRR-21-3,0.3445363359673372,0.5922121861826583,0.6129329967471333,0.6160198622501698,0.020720810564475,0.0238076760675115,0.0,0.1326711624860763,0.0019038553069966,0.0,0.0015468824369347,0.0,5.1275410652160645,112.4216480255127,49.121644258499146,231.01499915122983,394.1250238418579,2026-09-20T05:47:54.341069,0.610427402699671,0.0044026653974297,0.0,112.88650703430176,0.0182152165170127,0.5822928860973626,0.0,0.004623646382242441,12.250048160552979,-0.009919300085295624
88,3,intra,NKI-TRT-20-8,NKI-TRT-20-15,0.3676987081048872,0.6531117231192728,0.6779999299262162,0.6783243025347863,0.0248882068069433,0.0252125794155134,0.0,0.1383814960718155,0.0034833790043025,0.0,0.002005581850962,0.0,5.676723957061768,128.3205850124359,46.99366283416748,266.3623812198639,443.9032778739929,2026-09-20T05:55:18.334648,0.6491697156005476,0.001688911032389,0.0,122.85562086105348,-0.0039420075187251,0.6633718004416733,0.00010555693952431821,0.0,13.71437120437622,0.01026007732240053
89,14,intra,NKI-RS-22-21,NKI-RS-22-2,0.3635100045138943,0.6179589234311382,0.637623580481532,0.6563670284423678,0.0196646570503937,0.0384081050112296,0.0,0.1278927475214004,0.0028776978417266,0.0,0.0033738526420243,0.0,5.554082632064819,140.83036971092224,53.76658773422241,259.0990147590637,456.5474691390991,2026-09-20T06:02:54.972016,0.629283979819879,0.0005953857603572,0.0,122.289941072464,0.0113250563887408,0.6235960456883113,0.0,0.003603855147957802,13.677695989608765,0.005637122257173055
90,81,inter,NKI-TRT-20-3,MMRR-21-8,0.3571024477458737,0.5933978914828351,0.6232961392490904,0.6173151897346915,0.0298982477662553,0.0239172982518564,0.0,0.0499281287193298,0.0027403299118924,0.0,0.0022637507967807,0.0,5.415635108947754,128.13181519508362,47.33210039138794,248.51040506362915,426.5654420852661,2026-09-20T06:10:01.628656,0.6118003409453694,0.0042892120360055,0.0,122.49338483810423,0.0184024494625343,0.6025480437691269,0.0,0.001554018002934754,13.557281732559204,0.00915015228629179
